id,firstname,lastname,email,email2,profession
100,Arabel,Cristi,Arabel.Cristi@yopmail.com,Arabel.Cristi@gmail.com,developer
101,Glenda,Birdella,Glenda.Birdella@yopmail.com,Glenda.Birdella@gmail.com,doctor
102,Stacey,Olnee,Stacey.Olnee@yopmail.com,Stacey.Olnee@gmail.com,developer
103,Michaelina,Hilbert,Michaelina.Hilbert@yopmail.com,Michaelina.Hilbert@gmail.com,police officer
104,Annora,Parette,Annora.Parette@yopmail.com,Annora.Parette@gmail.com,doctor
105,Margarette,Gualtiero,Margarette.Gualtiero@yopmail.com,Margarette.Gualtiero@gmail.com,doctor
106,Kial,Chick,Kial.Chick@yopmail.com,Kial.Chick@gmail.com,firefighter
107,Micheline,Niles,Micheline.Niles@yopmail.com,Micheline.Niles@gmail.com,worker
108,Odessa,Magnolia,Odessa.Magnolia@yopmail.com,Odessa.Magnolia@gmail.com,developer
109,Blake,Alfons,Blake.Alfons@yopmail.com,Blake.Alfons@gmail.com,doctor
110,Marline,Bigner,Marline.Bigner@yopmail.com,Marline.Bigner@gmail.com,worker
111,Melanie,Artie,Melanie.Artie@yopmail.com,Melanie.Artie@gmail.com,developer
112,Cecile,Kare,Cecile.Kare@yopmail.com,Cecile.Kare@gmail.com,doctor
113,Susan,Guildroy,Susan.Guildroy@yopmail.com,Susan.Guildroy@gmail.com,police officer
114,Gusella,Mandler,Gusella.Mandler@yopmail.com,Gusella.Mandler@gmail.com,doctor
115,Patricia,Manolo,Patricia.Manolo@yopmail.com,Patricia.Manolo@gmail.com,developer
116,Bill,Faust,Bill.Faust@yopmail.com,Bill.Faust@gmail.com,police officer
117,Mara,Sadowski,Mara.Sadowski@yopmail.com,Mara.Sadowski@gmail.com,developer
118,Blondelle,Ajay,Blondelle.Ajay@yopmail.com,Blondelle.Ajay@gmail.com,firefighter
119,Brena,Zeeba,Brena.Zeeba@yopmail.com,Brena.Zeeba@gmail.com,doctor
120,Lexine,Sprage,Lexine.Sprage@yopmail.com,Lexine.Sprage@gmail.com,firefighter
121,Judy,Neva,Judy.Neva@yopmail.com,Judy.Neva@gmail.com,worker
122,Pierette,Secrest,Pierette.Secrest@yopmail.com,Pierette.Secrest@gmail.com,doctor
123,Jerry,Cristi,Jerry.Cristi@yopmail.com,Jerry.Cristi@gmail.com,developer
124,Cordi,Even,Cordi.Even@yopmail.com,Cordi.Even@gmail.com,doctor
125,Codie,Goode,Codie.Goode@yopmail.com,Codie.Goode@gmail.com,police officer
126,Emelina,Horan,Emelina.Horan@yopmail.com,Emelina.Horan@gmail.com,developer
127,Eolanda,Barbey,Eolanda.Barbey@yopmail.com,Eolanda.Barbey@gmail.com,worker
128,Christal,Jobi,Christal.Jobi@yopmail.com,Christal.Jobi@gmail.com,firefighter
129,Gabi,Llovera,Gabi.Llovera@yopmail.com,Gabi.Llovera@gmail.com,firefighter
130,Claresta,Bari,Claresta.Bari@yopmail.com,Claresta.Bari@gmail.com,doctor
131,Mady,Billye,Mady.Billye@yopmail.com,Mady.Billye@gmail.com,doctor
132,Ottilie,Colp,Ottilie.Colp@yopmail.com,Ottilie.Colp@gmail.com,firefighter
133,Nita,Iphlgenia,Nita.Iphlgenia@yopmail.com,Nita.Iphlgenia@gmail.com,doctor
134,Flory,Colleen,Flory.Colleen@yopmail.com,Flory.Colleen@gmail.com,firefighter
135,Bill,Malanie,Bill.Malanie@yopmail.com,Bill.Malanie@gmail.com,doctor
136,Zia,Nickola,Zia.Nickola@yopmail.com,Zia.Nickola@gmail.com,police officer
137,Odessa,Waite,Odessa.Waite@yopmail.com,Odessa.Waite@gmail.com,firefighter
138,Alisha,Noman,Alisha.Noman@yopmail.com,Alisha.Noman@gmail.com,doctor
139,Patricia,Joeann,Patricia.Joeann@yopmail.com,Patricia.Joeann@gmail.com,worker
140,Clarice,Daveta,Clarice.Daveta@yopmail.com,Clarice.Daveta@gmail.com,developer
141,Viviene,Karl,Viviene.Karl@yopmail.com,Viviene.Karl@gmail.com,firefighter
142,Oona,Roxanna,Oona.Roxanna@yopmail.com,Oona.Roxanna@gmail.com,firefighter
143,Carly,Ader,Carly.Ader@yopmail.com,Carly.Ader@gmail.com,doctor
144,Amara,Wattenberg,Amara.Wattenberg@yopmail.com,Amara.Wattenberg@gmail.com,firefighter
145,Shandie,Dunkin,Shandie.Dunkin@yopmail.com,Shandie.Dunkin@gmail.com,firefighter
146,Shandie,Lory,Shandie.Lory@yopmail.com,Shandie.Lory@gmail.com,firefighter
147,Ada,Willie,Ada.Willie@yopmail.com,Ada.Willie@gmail.com,firefighter
148,Joleen,Schonfeld,Joleen.Schonfeld@yopmail.com,Joleen.Schonfeld@gmail.com,firefighter
149,Ekaterina,Bearnard,Ekaterina.Bearnard@yopmail.com,Ekaterina.Bearnard@gmail.com,developer
150,Rani,Bouchard,Rani.Bouchard@yopmail.com,Rani.Bouchard@gmail.com,firefighter
151,Deirdre,Adalbert,Deirdre.Adalbert@yopmail.com,Deirdre.Adalbert@gmail.com,police officer
152,Teriann,Francyne,Teriann.Francyne@yopmail.com,Teriann.Francyne@gmail.com,developer
153,Karlee,Gladstone,Karlee.Gladstone@yopmail.com,Karlee.Gladstone@gmail.com,police officer
154,Bobinette,Brian,Bobinette.Brian@yopmail.com,Bobinette.Brian@gmail.com,developer
155,Charlena,Joseph,Charlena.Joseph@yopmail.com,Charlena.Joseph@gmail.com,worker
156,Darci,Ogren,Darci.Ogren@yopmail.com,Darci.Ogren@gmail.com,worker
157,Lily,Urania,Lily.Urania@yopmail.com,Lily.Urania@gmail.com,worker
158,Allyce,Freddi,Allyce.Freddi@yopmail.com,Allyce.Freddi@gmail.com,worker
159,Petronia,Viddah,Petronia.Viddah@yopmail.com,Petronia.Viddah@gmail.com,developer
160,Heida,Buckler,Heida.Buckler@yopmail.com,Heida.Buckler@gmail.com,developer
161,Tracey,Tengdin,Tracey.Tengdin@yopmail.com,Tracey.Tengdin@gmail.com,police officer
162,Neila,Morgun,Neila.Morgun@yopmail.com,Neila.Morgun@gmail.com,police officer
163,Adelle,Naor,Adelle.Naor@yopmail.com,Adelle.Naor@gmail.com,developer
164,Jemie,Larochelle,Jemie.Larochelle@yopmail.com,Jemie.Larochelle@gmail.com,police officer
165,Kary,Koziara,Kary.Koziara@yopmail.com,Kary.Koziara@gmail.com,firefighter
166,Bernie,Bury,Bernie.Bury@yopmail.com,Bernie.Bury@gmail.com,worker
167,Renae,Georas,Renae.Georas@yopmail.com,Renae.Georas@gmail.com,doctor
168,Sheelagh,Adore,Sheelagh.Adore@yopmail.com,Sheelagh.Adore@gmail.com,doctor
169,Alameda,Loleta,Alameda.Loleta@yopmail.com,Alameda.Loleta@gmail.com,worker
170,Tressa,Miru,Tressa.Miru@yopmail.com,Tressa.Miru@gmail.com,developer
171,Karolina,Colleen,Karolina.Colleen@yopmail.com,Karolina.Colleen@gmail.com,doctor
172,Wilma,Santoro,Wilma.Santoro@yopmail.com,Wilma.Santoro@gmail.com,worker
173,Lorne,Kalinda,Lorne.Kalinda@yopmail.com,Lorne.Kalinda@gmail.com,developer
174,Gloria,Nickola,Gloria.Nickola@yopmail.com,Gloria.Nickola@gmail.com,firefighter
175,Merle,Paton,Merle.Paton@yopmail.com,Merle.Paton@gmail.com,doctor
176,Belva,Rese,Belva.Rese@yopmail.com,Belva.Rese@gmail.com,worker
177,Dotty,Vins,Dotty.Vins@yopmail.com,Dotty.Vins@gmail.com,police officer
178,Nikki,Gualtiero,Nikki.Gualtiero@yopmail.com,Nikki.Gualtiero@gmail.com,worker
179,Myriam,Barrus,Myriam.Barrus@yopmail.com,Myriam.Barrus@gmail.com,doctor
180,Aili,Yate,Aili.Yate@yopmail.com,Aili.Yate@gmail.com,police officer
181,Robbi,Barbey,Robbi.Barbey@yopmail.com,Robbi.Barbey@gmail.com,worker
182,Violet,Frodi,Violet.Frodi@yopmail.com,Violet.Frodi@gmail.com,developer
183,Leanna,Alva,Leanna.Alva@yopmail.com,Leanna.Alva@gmail.com,firefighter
184,Yvonne,Horan,Yvonne.Horan@yopmail.com,Yvonne.Horan@gmail.com,firefighter
185,Tami,Margret,Tami.Margret@yopmail.com,Tami.Margret@gmail.com,developer
186,Natka,Ariella,Natka.Ariella@yopmail.com,Natka.Ariella@gmail.com,doctor
187,Jenda,Robertson,Jenda.Robertson@yopmail.com,Jenda.Robertson@gmail.com,police officer
188,Silvana,Andrel,Silvana.Andrel@yopmail.com,Silvana.Andrel@gmail.com,developer
189,Roseline,Reneta,Roseline.Reneta@yopmail.com,Roseline.Reneta@gmail.com,doctor
190,Nyssa,Eachern,Nyssa.Eachern@yopmail.com,Nyssa.Eachern@gmail.com,doctor
191,Molli,Azeria,Molli.Azeria@yopmail.com,Molli.Azeria@gmail.com,developer
192,Darci,Anyah,Darci.Anyah@yopmail.com,Darci.Anyah@gmail.com,worker
193,Zia,Japeth,Zia.Japeth@yopmail.com,Zia.Japeth@gmail.com,developer
194,Brena,Gherardo,Brena.Gherardo@yopmail.com,Brena.Gherardo@gmail.com,firefighter
195,Ericka,Auberbach,Ericka.Auberbach@yopmail.com,Ericka.Auberbach@gmail.com,worker
196,Elena,Allare,Elena.Allare@yopmail.com,Elena.Allare@gmail.com,doctor
197,Blake,Penelopa,Blake.Penelopa@yopmail.com,Blake.Penelopa@gmail.com,developer
198,Chrystel,Chem,Chrystel.Chem@yopmail.com,Chrystel.Chem@gmail.com,doctor
199,Jackie,Dalli,Jackie.Dalli@yopmail.com,Jackie.Dalli@gmail.com,police officer
200,Caryl,Adrienne,Caryl.Adrienne@yopmail.com,Caryl.Adrienne@gmail.com,police officer
201,Katleen,Chaing,Katleen.Chaing@yopmail.com,Katleen.Chaing@gmail.com,worker
202,Kaja,Gregrory,Kaja.Gregrory@yopmail.com,Kaja.Gregrory@gmail.com,doctor
203,Winifred,Calhoun,Winifred.Calhoun@yopmail.com,Winifred.Calhoun@gmail.com,police officer
204,Dianemarie,Tatianas,Dianemarie.Tatianas@yopmail.com,Dianemarie.Tatianas@gmail.com,firefighter
205,Estell,Michella,Estell.Michella@yopmail.com,Estell.Michella@gmail.com,developer
206,Gavrielle,Screens,Gavrielle.Screens@yopmail.com,Gavrielle.Screens@gmail.com,doctor
207,Drucie,Abram,Drucie.Abram@yopmail.com,Drucie.Abram@gmail.com,doctor
208,Gerianna,Emanuel,Gerianna.Emanuel@yopmail.com,Gerianna.Emanuel@gmail.com,worker
209,Amara,Himelman,Amara.Himelman@yopmail.com,Amara.Himelman@gmail.com,firefighter
210,Yvonne,Fink,Yvonne.Fink@yopmail.com,Yvonne.Fink@gmail.com,firefighter
211,Codie,Swigart,Codie.Swigart@yopmail.com,Codie.Swigart@gmail.com,doctor
212,Joeann,Paton,Joeann.Paton@yopmail.com,Joeann.Paton@gmail.com,police officer
213,Annabela,Schwejda,Annabela.Schwejda@yopmail.com,Annabela.Schwejda@gmail.com,firefighter
214,Dolli,Zaslow,Dolli.Zaslow@yopmail.com,Dolli.Zaslow@gmail.com,developer
215,Margette,Rhu,Margette.Rhu@yopmail.com,Margette.Rhu@gmail.com,firefighter
216,Laure,Soneson,Laure.Soneson@yopmail.com,Laure.Soneson@gmail.com,firefighter
217,Carolina,Brodench,Carolina.Brodench@yopmail.com,Carolina.Brodench@gmail.com,police officer
218,Sarette,Karl,Sarette.Karl@yopmail.com,Sarette.Karl@gmail.com,firefighter
219,Dyann,Leler,Dyann.Leler@yopmail.com,Dyann.Leler@gmail.com,developer
220,Meghann,Richers,Meghann.Richers@yopmail.com,Meghann.Richers@gmail.com,police officer
221,Regina,Brenn,Regina.Brenn@yopmail.com,Regina.Brenn@gmail.com,worker
222,Sallie,Lory,Sallie.Lory@yopmail.com,Sallie.Lory@gmail.com,doctor
223,Vere,Rocray,Vere.Rocray@yopmail.com,Vere.Rocray@gmail.com,developer
224,Mellicent,Quent,Mellicent.Quent@yopmail.com,Mellicent.Quent@gmail.com,firefighter
225,Layla,Niles,Layla.Niles@yopmail.com,Layla.Niles@gmail.com,firefighter
226,Kylynn,Alabaster,Kylynn.Alabaster@yopmail.com,Kylynn.Alabaster@gmail.com,developer
227,Karolina,Aloise,Karolina.Aloise@yopmail.com,Karolina.Aloise@gmail.com,developer
228,Mamie,Narton,Mamie.Narton@yopmail.com,Mamie.Narton@gmail.com,worker
229,Beth,Voletta,Beth.Voletta@yopmail.com,Beth.Voletta@gmail.com,doctor
230,Alyda,Wilona,Alyda.Wilona@yopmail.com,Alyda.Wilona@gmail.com,worker
231,Ebonee,Posner,Ebonee.Posner@yopmail.com,Ebonee.Posner@gmail.com,firefighter
232,Hildegaard,Freddi,Hildegaard.Freddi@yopmail.com,Hildegaard.Freddi@gmail.com,police officer
233,Livvyy,Hamil,Livvyy.Hamil@yopmail.com,Livvyy.Hamil@gmail.com,developer
234,Beatriz,Hoban,Beatriz.Hoban@yopmail.com,Beatriz.Hoban@gmail.com,developer
235,Renae,Bearnard,Renae.Bearnard@yopmail.com,Renae.Bearnard@gmail.com,developer
236,Bertine,Mauer,Bertine.Mauer@yopmail.com,Bertine.Mauer@gmail.com,doctor
237,Oona,Weitman,Oona.Weitman@yopmail.com,Oona.Weitman@gmail.com,worker
238,Berta,Halla,Berta.Halla@yopmail.com,Berta.Halla@gmail.com,firefighter
239,Jsandye,Elbertina,Jsandye.Elbertina@yopmail.com,Jsandye.Elbertina@gmail.com,doctor
240,Vere,Adore,Vere.Adore@yopmail.com,Vere.Adore@gmail.com,police officer
241,Tarra,Idelia,Tarra.Idelia@yopmail.com,Tarra.Idelia@gmail.com,developer
242,Gloria,Caitlin,Gloria.Caitlin@yopmail.com,Gloria.Caitlin@gmail.com,developer
243,Ermengarde,Haymes,Ermengarde.Haymes@yopmail.com,Ermengarde.Haymes@gmail.com,developer
244,Gilda,Camden,Gilda.Camden@yopmail.com,Gilda.Camden@gmail.com,doctor
245,Edee,Dermott,Edee.Dermott@yopmail.com,Edee.Dermott@gmail.com,doctor
246,Elmira,Weaks,Elmira.Weaks@yopmail.com,Elmira.Weaks@gmail.com,police officer
247,Andeee,Eiser,Andeee.Eiser@yopmail.com,Andeee.Eiser@gmail.com,developer
248,Kelly,Sekofski,Kelly.Sekofski@yopmail.com,Kelly.Sekofski@gmail.com,developer
249,Shandie,Maroney,Shandie.Maroney@yopmail.com,Shandie.Maroney@gmail.com,firefighter
250,Addia,Amasa,Addia.Amasa@yopmail.com,Addia.Amasa@gmail.com,developer
251,Candi,Kannry,Candi.Kannry@yopmail.com,Candi.Kannry@gmail.com,developer
252,Charissa,Haldas,Charissa.Haldas@yopmail.com,Charissa.Haldas@gmail.com,firefighter
253,Corene,Borrell,Corene.Borrell@yopmail.com,Corene.Borrell@gmail.com,firefighter
254,Jackie,Ade,Jackie.Ade@yopmail.com,Jackie.Ade@gmail.com,worker
255,Nelle,Lenny,Nelle.Lenny@yopmail.com,Nelle.Lenny@gmail.com,doctor
256,Shaine,Anselmi,Shaine.Anselmi@yopmail.com,Shaine.Anselmi@gmail.com,police officer
257,Charissa,Isacco,Charissa.Isacco@yopmail.com,Charissa.Isacco@gmail.com,worker
258,Heida,Marlie,Heida.Marlie@yopmail.com,Heida.Marlie@gmail.com,firefighter
259,Elsie,Center,Elsie.Center@yopmail.com,Elsie.Center@gmail.com,developer
260,Maurene,Mullane,Maurene.Mullane@yopmail.com,Maurene.Mullane@gmail.com,developer
261,Barbi,Lumbard,Barbi.Lumbard@yopmail.com,Barbi.Lumbard@gmail.com,firefighter
262,Caritta,Gower,Caritta.Gower@yopmail.com,Caritta.Gower@gmail.com,doctor
263,Helsa,Sigfrid,Helsa.Sigfrid@yopmail.com,Helsa.Sigfrid@gmail.com,worker
264,Trixi,Erlandson,Trixi.Erlandson@yopmail.com,Trixi.Erlandson@gmail.com,firefighter
265,Willetta,Uund,Willetta.Uund@yopmail.com,Willetta.Uund@gmail.com,worker
266,Helsa,Tamar,Helsa.Tamar@yopmail.com,Helsa.Tamar@gmail.com,firefighter
267,Nariko,Schroth,Nariko.Schroth@yopmail.com,Nariko.Schroth@gmail.com,worker
268,Dyann,Arvo,Dyann.Arvo@yopmail.com,Dyann.Arvo@gmail.com,worker
269,Emma,Eckblad,Emma.Eckblad@yopmail.com,Emma.Eckblad@gmail.com,police officer
270,Ileana,Chandler,Ileana.Chandler@yopmail.com,Ileana.Chandler@gmail.com,developer
271,Rebeca,Roche,Rebeca.Roche@yopmail.com,Rebeca.Roche@gmail.com,doctor
272,Halette,Cimbura,Halette.Cimbura@yopmail.com,Halette.Cimbura@gmail.com,police officer
273,Claresta,Alcott,Claresta.Alcott@yopmail.com,Claresta.Alcott@gmail.com,worker
274,Dode,Revkah,Dode.Revkah@yopmail.com,Dode.Revkah@gmail.com,worker
275,Gretal,Maisey,Gretal.Maisey@yopmail.com,Gretal.Maisey@gmail.com,worker
276,Deirdre,Madox,Deirdre.Madox@yopmail.com,Deirdre.Madox@gmail.com,developer
277,Amelia,Diann,Amelia.Diann@yopmail.com,Amelia.Diann@gmail.com,worker
278,Kristan,Donell,Kristan.Donell@yopmail.com,Kristan.Donell@gmail.com,police officer
279,Lacie,Maiah,Lacie.Maiah@yopmail.com,Lacie.Maiah@gmail.com,worker
280,Eve,Baudin,Eve.Baudin@yopmail.com,Eve.Baudin@gmail.com,worker
281,Mignon,Berl,Mignon.Berl@yopmail.com,Mignon.Berl@gmail.com,police officer
282,Deane,Ahab,Deane.Ahab@yopmail.com,Deane.Ahab@gmail.com,doctor
283,Arlina,Mandler,Arlina.Mandler@yopmail.com,Arlina.Mandler@gmail.com,developer
284,Lory,Bandeen,Lory.Bandeen@yopmail.com,Lory.Bandeen@gmail.com,police officer
285,Linet,Zrike,Linet.Zrike@yopmail.com,Linet.Zrike@gmail.com,developer
286,Edee,Stelle,Edee.Stelle@yopmail.com,Edee.Stelle@gmail.com,developer
287,Rosanne,Corrine,Rosanne.Corrine@yopmail.com,Rosanne.Corrine@gmail.com,firefighter
288,Charlena,Susannah,Charlena.Susannah@yopmail.com,Charlena.Susannah@gmail.com,doctor
289,Jackie,Keily,Jackie.Keily@yopmail.com,Jackie.Keily@gmail.com,worker
290,Madeleine,Ranjiv,Madeleine.Ranjiv@yopmail.com,Madeleine.Ranjiv@gmail.com,firefighter
291,Nessie,Lilybelle,Nessie.Lilybelle@yopmail.com,Nessie.Lilybelle@gmail.com,worker
292,Phedra,Stuart,Phedra.Stuart@yopmail.com,Phedra.Stuart@gmail.com,firefighter
293,Ermengarde,Bergman,Ermengarde.Bergman@yopmail.com,Ermengarde.Bergman@gmail.com,doctor
294,Roxane,Lindemann,Roxane.Lindemann@yopmail.com,Roxane.Lindemann@gmail.com,doctor
295,Janenna,Michella,Janenna.Michella@yopmail.com,Janenna.Michella@gmail.com,developer
296,Viki,Hathaway,Viki.Hathaway@yopmail.com,Viki.Hathaway@gmail.com,firefighter
297,Rhoda,Jefferey,Rhoda.Jefferey@yopmail.com,Rhoda.Jefferey@gmail.com,doctor
298,Henriette,Wadell,Henriette.Wadell@yopmail.com,Henriette.Wadell@gmail.com,developer
299,Kore,Dex,Kore.Dex@yopmail.com,Kore.Dex@gmail.com,firefighter
300,Vivia,Bethany,Vivia.Bethany@yopmail.com,Vivia.Bethany@gmail.com,police officer
301,Dione,Boycey,Dione.Boycey@yopmail.com,Dione.Boycey@gmail.com,doctor
302,Meriel,Boehike,Meriel.Boehike@yopmail.com,Meriel.Boehike@gmail.com,police officer
303,Millie,Charity,Millie.Charity@yopmail.com,Millie.Charity@gmail.com,police officer
304,Verla,Jagir,Verla.Jagir@yopmail.com,Verla.Jagir@gmail.com,worker
305,Jenilee,Nadia,Jenilee.Nadia@yopmail.com,Jenilee.Nadia@gmail.com,worker
306,Fernande,Campball,Fernande.Campball@yopmail.com,Fernande.Campball@gmail.com,police officer
307,Liana,Berne,Liana.Berne@yopmail.com,Liana.Berne@gmail.com,firefighter
308,Frances,Nerita,Frances.Nerita@yopmail.com,Frances.Nerita@gmail.com,worker
309,Emmey,Sprage,Emmey.Sprage@yopmail.com,Emmey.Sprage@gmail.com,worker
310,Dulcinea,Sammons,Dulcinea.Sammons@yopmail.com,Dulcinea.Sammons@gmail.com,worker
311,Rozele,Greenwald,Rozele.Greenwald@yopmail.com,Rozele.Greenwald@gmail.com,police officer
312,Shell,Quinn,Shell.Quinn@yopmail.com,Shell.Quinn@gmail.com,developer
313,Emelina,Kimmie,Emelina.Kimmie@yopmail.com,Emelina.Kimmie@gmail.com,firefighter
314,Brianna,Concha,Brianna.Concha@yopmail.com,Brianna.Concha@gmail.com,worker
315,Suzette,Hertzfeld,Suzette.Hertzfeld@yopmail.com,Suzette.Hertzfeld@gmail.com,police officer
316,Paule,Othilia,Paule.Othilia@yopmail.com,Paule.Othilia@gmail.com,firefighter
317,Charmaine,Giff,Charmaine.Giff@yopmail.com,Charmaine.Giff@gmail.com,doctor
318,Sophia,Chick,Sophia.Chick@yopmail.com,Sophia.Chick@gmail.com,worker
319,Etta,Ferrell,Etta.Ferrell@yopmail.com,Etta.Ferrell@gmail.com,police officer
320,Cathie,Hoban,Cathie.Hoban@yopmail.com,Cathie.Hoban@gmail.com,firefighter
321,Juliane,McLaughlin,Juliane.McLaughlin@yopmail.com,Juliane.McLaughlin@gmail.com,police officer
322,Frieda,Virgin,Frieda.Virgin@yopmail.com,Frieda.Virgin@gmail.com,worker
323,Valera,Hylan,Valera.Hylan@yopmail.com,Valera.Hylan@gmail.com,worker
324,Nelle,Parsaye,Nelle.Parsaye@yopmail.com,Nelle.Parsaye@gmail.com,police officer
325,Gratia,Laverne,Gratia.Laverne@yopmail.com,Gratia.Laverne@gmail.com,worker
326,Karina,Erb,Karina.Erb@yopmail.com,Karina.Erb@gmail.com,developer
327,Emmey,Urias,Emmey.Urias@yopmail.com,Emmey.Urias@gmail.com,firefighter
328,Daphne,Engdahl,Daphne.Engdahl@yopmail.com,Daphne.Engdahl@gmail.com,developer
329,Amii,Gusella,Amii.Gusella@yopmail.com,Amii.Gusella@gmail.com,developer
330,Bobbi,Nester,Bobbi.Nester@yopmail.com,Bobbi.Nester@gmail.com,doctor
331,Marleah,Hermes,Marleah.Hermes@yopmail.com,Marleah.Hermes@gmail.com,doctor
332,Mary,Garlinda,Mary.Garlinda@yopmail.com,Mary.Garlinda@gmail.com,police officer
333,Myrtice,Nore,Myrtice.Nore@yopmail.com,Myrtice.Nore@gmail.com,police officer
334,Danika,Johnsson,Danika.Johnsson@yopmail.com,Danika.Johnsson@gmail.com,worker
335,Tami,Tengdin,Tami.Tengdin@yopmail.com,Tami.Tengdin@gmail.com,doctor
336,Elfreda,Wandie,Elfreda.Wandie@yopmail.com,Elfreda.Wandie@gmail.com,developer
337,Maurene,Gordon,Maurene.Gordon@yopmail.com,Maurene.Gordon@gmail.com,developer
338,Clarice,Mozelle,Clarice.Mozelle@yopmail.com,Clarice.Mozelle@gmail.com,doctor
339,Christy,Jagir,Christy.Jagir@yopmail.com,Christy.Jagir@gmail.com,firefighter
340,Mathilda,Hathaway,Mathilda.Hathaway@yopmail.com,Mathilda.Hathaway@gmail.com,firefighter
341,Mildrid,Gibbeon,Mildrid.Gibbeon@yopmail.com,Mildrid.Gibbeon@gmail.com,developer
342,Jenda,Lory,Jenda.Lory@yopmail.com,Jenda.Lory@gmail.com,developer
343,Wendi,Olympium,Wendi.Olympium@yopmail.com,Wendi.Olympium@gmail.com,police officer
344,Katleen,Ioab,Katleen.Ioab@yopmail.com,Katleen.Ioab@gmail.com,developer
345,Raf,Glenden,Raf.Glenden@yopmail.com,Raf.Glenden@gmail.com,police officer
346,Ermengarde,Norvol,Ermengarde.Norvol@yopmail.com,Ermengarde.Norvol@gmail.com,police officer
347,Cam,Saunderson,Cam.Saunderson@yopmail.com,Cam.Saunderson@gmail.com,firefighter
348,Lyssa,Jorgan,Lyssa.Jorgan@yopmail.com,Lyssa.Jorgan@gmail.com,worker
349,Gusty,Peti,Gusty.Peti@yopmail.com,Gusty.Peti@gmail.com,police officer
350,Michaelina,Tarrant,Michaelina.Tarrant@yopmail.com,Michaelina.Tarrant@gmail.com,police officer
351,Violet,Donell,Violet.Donell@yopmail.com,Violet.Donell@gmail.com,police officer
352,Gianina,Destinee,Gianina.Destinee@yopmail.com,Gianina.Destinee@gmail.com,developer
353,Tatiania,Chauncey,Tatiania.Chauncey@yopmail.com,Tatiania.Chauncey@gmail.com,firefighter
354,Maud,Thomasina,Maud.Thomasina@yopmail.com,Maud.Thomasina@gmail.com,firefighter
355,Gilda,An,Gilda.An@yopmail.com,Gilda.An@gmail.com,developer
356,Randa,Niles,Randa.Niles@yopmail.com,Randa.Niles@gmail.com,firefighter
357,Basia,Jacinda,Basia.Jacinda@yopmail.com,Basia.Jacinda@gmail.com,doctor
358,Hayley,Sammons,Hayley.Sammons@yopmail.com,Hayley.Sammons@gmail.com,police officer
359,Mariele,Publia,Mariele.Publia@yopmail.com,Mariele.Publia@gmail.com,firefighter
360,Henriette,Yoko,Henriette.Yoko@yopmail.com,Henriette.Yoko@gmail.com,doctor
361,Demetris,Lenny,Demetris.Lenny@yopmail.com,Demetris.Lenny@gmail.com,doctor
362,Jordan,Rooney,Jordan.Rooney@yopmail.com,Jordan.Rooney@gmail.com,developer
363,Peri,Reinke,Peri.Reinke@yopmail.com,Peri.Reinke@gmail.com,worker
364,Alia,Linskey,Alia.Linskey@yopmail.com,Alia.Linskey@gmail.com,worker
365,Livvyy,Nance,Livvyy.Nance@yopmail.com,Livvyy.Nance@gmail.com,doctor
366,Carlie,O'Rourke,Carlie.O'Rourke@yopmail.com,Carlie.O'Rourke@gmail.com,police officer
367,Riannon,Daveta,Riannon.Daveta@yopmail.com,Riannon.Daveta@gmail.com,doctor
368,Sibella,Schroth,Sibella.Schroth@yopmail.com,Sibella.Schroth@gmail.com,developer
369,Nadine,Casimir,Nadine.Casimir@yopmail.com,Nadine.Casimir@gmail.com,firefighter
370,Karina,Sophronia,Karina.Sophronia@yopmail.com,Karina.Sophronia@gmail.com,firefighter
371,Iseabal,Zina,Iseabal.Zina@yopmail.com,Iseabal.Zina@gmail.com,worker
372,Fayre,Wenoa,Fayre.Wenoa@yopmail.com,Fayre.Wenoa@gmail.com,firefighter
373,Selia,Sekofski,Selia.Sekofski@yopmail.com,Selia.Sekofski@gmail.com,police officer
374,Marnia,Libna,Marnia.Libna@yopmail.com,Marnia.Libna@gmail.com,firefighter
375,Tracey,Dosia,Tracey.Dosia@yopmail.com,Tracey.Dosia@gmail.com,police officer
376,Fanny,Aloise,Fanny.Aloise@yopmail.com,Fanny.Aloise@gmail.com,developer
377,Raquela,Fancie,Raquela.Fancie@yopmail.com,Raquela.Fancie@gmail.com,worker
378,Kamilah,Vale,Kamilah.Vale@yopmail.com,Kamilah.Vale@gmail.com,developer
379,Aurore,Lenny,Aurore.Lenny@yopmail.com,Aurore.Lenny@gmail.com,worker
380,Dorice,Decato,Dorice.Decato@yopmail.com,Dorice.Decato@gmail.com,firefighter
381,Eve,Koehler,Eve.Koehler@yopmail.com,Eve.Koehler@gmail.com,worker
382,Di,Lorain,Di.Lorain@yopmail.com,Di.Lorain@gmail.com,doctor
383,Beatriz,Emmy,Beatriz.Emmy@yopmail.com,Beatriz.Emmy@gmail.com,doctor
384,Aubrie,Neva,Aubrie.Neva@yopmail.com,Aubrie.Neva@gmail.com,doctor
385,Annabela,Parette,Annabela.Parette@yopmail.com,Annabela.Parette@gmail.com,worker
386,Dolli,Thunell,Dolli.Thunell@yopmail.com,Dolli.Thunell@gmail.com,police officer
387,Donnie,Mathilde,Donnie.Mathilde@yopmail.com,Donnie.Mathilde@gmail.com,developer
388,Melanie,Valerio,Melanie.Valerio@yopmail.com,Melanie.Valerio@gmail.com,police officer
389,Carly,Sprage,Carly.Sprage@yopmail.com,Carly.Sprage@gmail.com,police officer
390,Tiffie,Magnolia,Tiffie.Magnolia@yopmail.com,Tiffie.Magnolia@gmail.com,police officer
391,Orelia,Love,Orelia.Love@yopmail.com,Orelia.Love@gmail.com,worker
392,Ermengarde,Destinee,Ermengarde.Destinee@yopmail.com,Ermengarde.Destinee@gmail.com,police officer
393,Perry,Peg,Perry.Peg@yopmail.com,Perry.Peg@gmail.com,worker
394,Ethel,Fancie,Ethel.Fancie@yopmail.com,Ethel.Fancie@gmail.com,police officer
395,Sindee,Howlyn,Sindee.Howlyn@yopmail.com,Sindee.Howlyn@gmail.com,worker
396,Valera,Fleeta,Valera.Fleeta@yopmail.com,Valera.Fleeta@gmail.com,firefighter
397,Amii,Sallyann,Amii.Sallyann@yopmail.com,Amii.Sallyann@gmail.com,police officer
398,Elmira,Roxanna,Elmira.Roxanna@yopmail.com,Elmira.Roxanna@gmail.com,firefighter
399,Frieda,Toffic,Frieda.Toffic@yopmail.com,Frieda.Toffic@gmail.com,developer
400,Dari,Dorcy,Dari.Dorcy@yopmail.com,Dari.Dorcy@gmail.com,developer
401,Emma,Martguerita,Emma.Martguerita@yopmail.com,Emma.Martguerita@gmail.com,firefighter
402,Tina,Zola,Tina.Zola@yopmail.com,Tina.Zola@gmail.com,doctor
403,Merci,Karl,Merci.Karl@yopmail.com,Merci.Karl@gmail.com,developer
404,Allis,Vittoria,Allis.Vittoria@yopmail.com,Allis.Vittoria@gmail.com,doctor
405,Dyann,Tacye,Dyann.Tacye@yopmail.com,Dyann.Tacye@gmail.com,developer
406,Di,Rosalba,Di.Rosalba@yopmail.com,Di.Rosalba@gmail.com,doctor
407,Letizia,Luhe,Letizia.Luhe@yopmail.com,Letizia.Luhe@gmail.com,doctor
408,Liana,Kalinda,Liana.Kalinda@yopmail.com,Liana.Kalinda@gmail.com,developer
409,Annora,Jethro,Annora.Jethro@yopmail.com,Annora.Jethro@gmail.com,police officer
410,Dione,Orpah,Dione.Orpah@yopmail.com,Dione.Orpah@gmail.com,worker
411,Lila,Hachmin,Lila.Hachmin@yopmail.com,Lila.Hachmin@gmail.com,police officer
412,Letizia,Aldric,Letizia.Aldric@yopmail.com,Letizia.Aldric@gmail.com,police officer
413,Tiffie,Briney,Tiffie.Briney@yopmail.com,Tiffie.Briney@gmail.com,police officer
414,Belinda,Barbey,Belinda.Barbey@yopmail.com,Belinda.Barbey@gmail.com,worker
415,Daryl,Lareena,Daryl.Lareena@yopmail.com,Daryl.Lareena@gmail.com,doctor
416,Patricia,Edee,Patricia.Edee@yopmail.com,Patricia.Edee@gmail.com,doctor
417,Fidelia,Gaspard,Fidelia.Gaspard@yopmail.com,Fidelia.Gaspard@gmail.com,developer
418,Zondra,Janith,Zondra.Janith@yopmail.com,Zondra.Janith@gmail.com,worker
419,Oona,Phyllis,Oona.Phyllis@yopmail.com,Oona.Phyllis@gmail.com,doctor
420,Jinny,Zina,Jinny.Zina@yopmail.com,Jinny.Zina@gmail.com,firefighter
421,Ingrid,Egbert,Ingrid.Egbert@yopmail.com,Ingrid.Egbert@gmail.com,firefighter
422,Louella,Leonard,Louella.Leonard@yopmail.com,Louella.Leonard@gmail.com,worker
423,Sidoney,Afton,Sidoney.Afton@yopmail.com,Sidoney.Afton@gmail.com,firefighter
424,Libbie,Smitt,Libbie.Smitt@yopmail.com,Libbie.Smitt@gmail.com,worker
425,Catharine,Bettine,Catharine.Bettine@yopmail.com,Catharine.Bettine@gmail.com,police officer
426,Yvonne,Arne,Yvonne.Arne@yopmail.com,Yvonne.Arne@gmail.com,police officer
427,Kerrin,Thar,Kerrin.Thar@yopmail.com,Kerrin.Thar@gmail.com,doctor
428,Anthia,Bobbee,Anthia.Bobbee@yopmail.com,Anthia.Bobbee@gmail.com,developer
429,Dione,Macey,Dione.Macey@yopmail.com,Dione.Macey@gmail.com,doctor
430,Glynnis,Hebner,Glynnis.Hebner@yopmail.com,Glynnis.Hebner@gmail.com,police officer
431,Jemie,Maiah,Jemie.Maiah@yopmail.com,Jemie.Maiah@gmail.com,worker
432,Angelique,Laverne,Angelique.Laverne@yopmail.com,Angelique.Laverne@gmail.com,worker
433,Corly,Fairweather,Corly.Fairweather@yopmail.com,Corly.Fairweather@gmail.com,worker
434,Gusella,Borrell,Gusella.Borrell@yopmail.com,Gusella.Borrell@gmail.com,developer
435,Melanie,Nester,Melanie.Nester@yopmail.com,Melanie.Nester@gmail.com,developer
436,Donetta,Burkle,Donetta.Burkle@yopmail.com,Donetta.Burkle@gmail.com,doctor
437,Angelique,Poll,Angelique.Poll@yopmail.com,Angelique.Poll@gmail.com,doctor
438,Cindelyn,Munn,Cindelyn.Munn@yopmail.com,Cindelyn.Munn@gmail.com,firefighter
439,Danika,Warthman,Danika.Warthman@yopmail.com,Danika.Warthman@gmail.com,developer
440,Lenna,Jenness,Lenna.Jenness@yopmail.com,Lenna.Jenness@gmail.com,doctor
441,Caritta,Clywd,Caritta.Clywd@yopmail.com,Caritta.Clywd@gmail.com,doctor
442,Augustine,Ciro,Augustine.Ciro@yopmail.com,Augustine.Ciro@gmail.com,firefighter
443,Merci,Mott,Merci.Mott@yopmail.com,Merci.Mott@gmail.com,developer
444,Lucy,Latini,Lucy.Latini@yopmail.com,Lucy.Latini@gmail.com,police officer
445,Pollyanna,Poppy,Pollyanna.Poppy@yopmail.com,Pollyanna.Poppy@gmail.com,firefighter
446,Amara,Rudolph,Amara.Rudolph@yopmail.com,Amara.Rudolph@gmail.com,worker
447,Roz,Mauer,Roz.Mauer@yopmail.com,Roz.Mauer@gmail.com,doctor
448,Alleen,Sheng,Alleen.Sheng@yopmail.com,Alleen.Sheng@gmail.com,developer
449,Arlina,Malanie,Arlina.Malanie@yopmail.com,Arlina.Malanie@gmail.com,doctor
450,Celene,Faso,Celene.Faso@yopmail.com,Celene.Faso@gmail.com,developer
451,Alyda,Romelda,Alyda.Romelda@yopmail.com,Alyda.Romelda@gmail.com,police officer
452,Krystle,Ardeha,Krystle.Ardeha@yopmail.com,Krystle.Ardeha@gmail.com,police officer
453,Deirdre,Bertold,Deirdre.Bertold@yopmail.com,Deirdre.Bertold@gmail.com,worker
454,Concettina,Aaberg,Concettina.Aaberg@yopmail.com,Concettina.Aaberg@gmail.com,worker
455,Ursulina,Cloris,Ursulina.Cloris@yopmail.com,Ursulina.Cloris@gmail.com,police officer
456,Ermengarde,Rurik,Ermengarde.Rurik@yopmail.com,Ermengarde.Rurik@gmail.com,police officer
457,Romona,Norrie,Romona.Norrie@yopmail.com,Romona.Norrie@gmail.com,worker
458,Hyacinthe,Hutchison,Hyacinthe.Hutchison@yopmail.com,Hyacinthe.Hutchison@gmail.com,worker
459,Shauna,Germann,Shauna.Germann@yopmail.com,Shauna.Germann@gmail.com,police officer
460,Madalyn,Bord,Madalyn.Bord@yopmail.com,Madalyn.Bord@gmail.com,doctor
461,Myrtice,Auberbach,Myrtice.Auberbach@yopmail.com,Myrtice.Auberbach@gmail.com,worker
462,Beverley,Fillbert,Beverley.Fillbert@yopmail.com,Beverley.Fillbert@gmail.com,developer
463,Andeee,Gaulin,Andeee.Gaulin@yopmail.com,Andeee.Gaulin@gmail.com,firefighter
464,Christy,Craggie,Christy.Craggie@yopmail.com,Christy.Craggie@gmail.com,doctor
465,Fidelia,O'Neill,Fidelia.O'Neill@yopmail.com,Fidelia.O'Neill@gmail.com,firefighter
466,Kimberley,Melony,Kimberley.Melony@yopmail.com,Kimberley.Melony@gmail.com,worker
467,Ana,Mike,Ana.Mike@yopmail.com,Ana.Mike@gmail.com,police officer
468,Carmencita,Kress,Carmencita.Kress@yopmail.com,Carmencita.Kress@gmail.com,firefighter
469,Tina,Miru,Tina.Miru@yopmail.com,Tina.Miru@gmail.com,firefighter
470,Carmencita,Ortrude,Carmencita.Ortrude@yopmail.com,Carmencita.Ortrude@gmail.com,police officer
471,Modestia,Anyah,Modestia.Anyah@yopmail.com,Modestia.Anyah@gmail.com,doctor
472,Raquela,Bronk,Raquela.Bronk@yopmail.com,Raquela.Bronk@gmail.com,doctor
473,Candi,Alrich,Candi.Alrich@yopmail.com,Candi.Alrich@gmail.com,doctor
474,Aurore,Parsaye,Aurore.Parsaye@yopmail.com,Aurore.Parsaye@gmail.com,police officer
475,Ottilie,Rudolph,Ottilie.Rudolph@yopmail.com,Ottilie.Rudolph@gmail.com,worker
476,June,Wandie,June.Wandie@yopmail.com,June.Wandie@gmail.com,developer
477,Lilith,Adore,Lilith.Adore@yopmail.com,Lilith.Adore@gmail.com,worker
478,Peri,Kolnick,Peri.Kolnick@yopmail.com,Peri.Kolnick@gmail.com,doctor
479,Damaris,Knowling,Damaris.Knowling@yopmail.com,Damaris.Knowling@gmail.com,developer
480,Noelle,Larochelle,Noelle.Larochelle@yopmail.com,Noelle.Larochelle@gmail.com,developer
481,Donnie,Paine,Donnie.Paine@yopmail.com,Donnie.Paine@gmail.com,firefighter
482,Marline,Sasnett,Marline.Sasnett@yopmail.com,Marline.Sasnett@gmail.com,developer
483,Taffy,Tiffa,Taffy.Tiffa@yopmail.com,Taffy.Tiffa@gmail.com,worker
484,Allis,Tamsky,Allis.Tamsky@yopmail.com,Allis.Tamsky@gmail.com,firefighter
485,Mamie,Hirsch,Mamie.Hirsch@yopmail.com,Mamie.Hirsch@gmail.com,developer
486,Ulrike,Adrienne,Ulrike.Adrienne@yopmail.com,Ulrike.Adrienne@gmail.com,developer
487,Lenna,Bury,Lenna.Bury@yopmail.com,Lenna.Bury@gmail.com,doctor
488,Blondelle,Roarke,Blondelle.Roarke@yopmail.com,Blondelle.Roarke@gmail.com,doctor
489,Collen,Franza,Collen.Franza@yopmail.com,Collen.Franza@gmail.com,police officer
490,Perry,Carbo,Perry.Carbo@yopmail.com,Perry.Carbo@gmail.com,police officer
491,Carol-Jean,Oster,Carol-Jean.Oster@yopmail.com,Carol-Jean.Oster@gmail.com,doctor
492,Dania,Sigfrid,Dania.Sigfrid@yopmail.com,Dania.Sigfrid@gmail.com,police officer
493,Loree,Vastah,Loree.Vastah@yopmail.com,Loree.Vastah@gmail.com,developer
494,Tilly,Karl,Tilly.Karl@yopmail.com,Tilly.Karl@gmail.com,police officer
495,Alexine,Rossner,Alexine.Rossner@yopmail.com,Alexine.Rossner@gmail.com,worker
496,Layla,Lemuela,Layla.Lemuela@yopmail.com,Layla.Lemuela@gmail.com,doctor
497,Lindie,Thilda,Lindie.Thilda@yopmail.com,Lindie.Thilda@gmail.com,worker
498,Rani,Nadia,Rani.Nadia@yopmail.com,Rani.Nadia@gmail.com,police officer
499,Hyacinthe,Urias,Hyacinthe.Urias@yopmail.com,Hyacinthe.Urias@gmail.com,worker
500,Ofilia,Sophronia,Ofilia.Sophronia@yopmail.com,Ofilia.Sophronia@gmail.com,police officer
501,Merle,Dreda,Merle.Dreda@yopmail.com,Merle.Dreda@gmail.com,police officer
502,Jennica,Sadowski,Jennica.Sadowski@yopmail.com,Jennica.Sadowski@gmail.com,developer
503,Correy,Sancho,Correy.Sancho@yopmail.com,Correy.Sancho@gmail.com,firefighter
504,Alejandra,Faria,Alejandra.Faria@yopmail.com,Alejandra.Faria@gmail.com,firefighter
505,Judy,Deegan,Judy.Deegan@yopmail.com,Judy.Deegan@gmail.com,developer
506,Starla,Dawkins,Starla.Dawkins@yopmail.com,Starla.Dawkins@gmail.com,developer
507,Beatriz,Sasnett,Beatriz.Sasnett@yopmail.com,Beatriz.Sasnett@gmail.com,firefighter
508,Ursulina,Sibyls,Ursulina.Sibyls@yopmail.com,Ursulina.Sibyls@gmail.com,developer
509,Benita,Ralfston,Benita.Ralfston@yopmail.com,Benita.Ralfston@gmail.com,firefighter
510,Myriam,Lymann,Myriam.Lymann@yopmail.com,Myriam.Lymann@gmail.com,firefighter
511,Dede,Simmonds,Dede.Simmonds@yopmail.com,Dede.Simmonds@gmail.com,developer
512,Paulita,Tannie,Paulita.Tannie@yopmail.com,Paulita.Tannie@gmail.com,worker
513,Leona,Maples,Leona.Maples@yopmail.com,Leona.Maples@gmail.com,doctor
514,Fawne,Minetta,Fawne.Minetta@yopmail.com,Fawne.Minetta@gmail.com,firefighter
515,Corene,Pearse,Corene.Pearse@yopmail.com,Corene.Pearse@gmail.com,developer
516,Amalie,Mathilde,Amalie.Mathilde@yopmail.com,Amalie.Mathilde@gmail.com,developer
517,Sybille,Sisile,Sybille.Sisile@yopmail.com,Sybille.Sisile@gmail.com,doctor
518,Cindelyn,Ruvolo,Cindelyn.Ruvolo@yopmail.com,Cindelyn.Ruvolo@gmail.com,worker
519,Edee,Gaulin,Edee.Gaulin@yopmail.com,Edee.Gaulin@gmail.com,police officer
520,Agathe,Candy,Agathe.Candy@yopmail.com,Agathe.Candy@gmail.com,worker
521,Laure,Weitman,Laure.Weitman@yopmail.com,Laure.Weitman@gmail.com,police officer
522,Adore,Stevy,Adore.Stevy@yopmail.com,Adore.Stevy@gmail.com,developer
523,Ivett,Behre,Ivett.Behre@yopmail.com,Ivett.Behre@gmail.com,police officer
524,Mallory,Boehike,Mallory.Boehike@yopmail.com,Mallory.Boehike@gmail.com,developer
525,Annabela,Kauppi,Annabela.Kauppi@yopmail.com,Annabela.Kauppi@gmail.com,police officer
526,Janey,Bultman,Janey.Bultman@yopmail.com,Janey.Bultman@gmail.com,developer
527,Leontine,Colbert,Leontine.Colbert@yopmail.com,Leontine.Colbert@gmail.com,doctor
528,Candi,Frendel,Candi.Frendel@yopmail.com,Candi.Frendel@gmail.com,developer
529,Yetty,Schonfeld,Yetty.Schonfeld@yopmail.com,Yetty.Schonfeld@gmail.com,firefighter
530,Lelah,Eldrid,Lelah.Eldrid@yopmail.com,Lelah.Eldrid@gmail.com,firefighter
531,Calla,Maples,Calla.Maples@yopmail.com,Calla.Maples@gmail.com,firefighter
532,Annabela,Regan,Annabela.Regan@yopmail.com,Annabela.Regan@gmail.com,firefighter
533,Leanna,Tarrant,Leanna.Tarrant@yopmail.com,Leanna.Tarrant@gmail.com,police officer
534,Sophia,Esmaria,Sophia.Esmaria@yopmail.com,Sophia.Esmaria@gmail.com,police officer
535,Hollie,Shanley,Hollie.Shanley@yopmail.com,Hollie.Shanley@gmail.com,doctor
536,Augustine,Durware,Augustine.Durware@yopmail.com,Augustine.Durware@gmail.com,developer
537,Genevra,Timon,Genevra.Timon@yopmail.com,Genevra.Timon@gmail.com,worker
538,Gisela,Chesna,Gisela.Chesna@yopmail.com,Gisela.Chesna@gmail.com,doctor
539,Dacia,Cimbura,Dacia.Cimbura@yopmail.com,Dacia.Cimbura@gmail.com,worker
540,Gavrielle,Emmaline,Gavrielle.Emmaline@yopmail.com,Gavrielle.Emmaline@gmail.com,doctor
541,Vinita,Morgun,Vinita.Morgun@yopmail.com,Vinita.Morgun@gmail.com,developer
542,Karina,Gladstone,Karina.Gladstone@yopmail.com,Karina.Gladstone@gmail.com,developer
543,Ilse,Sinegold,Ilse.Sinegold@yopmail.com,Ilse.Sinegold@gmail.com,firefighter
544,Di,Modie,Di.Modie@yopmail.com,Di.Modie@gmail.com,developer
545,Fawne,Ehrman,Fawne.Ehrman@yopmail.com,Fawne.Ehrman@gmail.com,developer
546,Lacie,Garek,Lacie.Garek@yopmail.com,Lacie.Garek@gmail.com,police officer
547,Ashlee,Jehu,Ashlee.Jehu@yopmail.com,Ashlee.Jehu@gmail.com,police officer
548,Elora,Nadia,Elora.Nadia@yopmail.com,Elora.Nadia@gmail.com,police officer
549,Donnie,My,Donnie.My@yopmail.com,Donnie.My@gmail.com,worker
550,Inga,Kimmie,Inga.Kimmie@yopmail.com,Inga.Kimmie@gmail.com,developer
551,Gale,Hortensia,Gale.Hortensia@yopmail.com,Gale.Hortensia@gmail.com,doctor
552,Tracey,Schalles,Tracey.Schalles@yopmail.com,Tracey.Schalles@gmail.com,worker
553,Marguerite,Wandie,Marguerite.Wandie@yopmail.com,Marguerite.Wandie@gmail.com,worker
554,Ardys,Caitlin,Ardys.Caitlin@yopmail.com,Ardys.Caitlin@gmail.com,doctor
555,Darci,Hartnett,Darci.Hartnett@yopmail.com,Darci.Hartnett@gmail.com,worker
556,Jessy,Kesley,Jessy.Kesley@yopmail.com,Jessy.Kesley@gmail.com,worker
557,Shauna,Devlen,Shauna.Devlen@yopmail.com,Shauna.Devlen@gmail.com,police officer
558,Allyce,Kussell,Allyce.Kussell@yopmail.com,Allyce.Kussell@gmail.com,worker
559,Marita,Peti,Marita.Peti@yopmail.com,Marita.Peti@gmail.com,firefighter
560,Keelia,Virgin,Keelia.Virgin@yopmail.com,Keelia.Virgin@gmail.com,worker
561,Maridel,Marden,Maridel.Marden@yopmail.com,Maridel.Marden@gmail.com,firefighter
562,Lacie,Erb,Lacie.Erb@yopmail.com,Lacie.Erb@gmail.com,police officer
563,Karena,Weaks,Karena.Weaks@yopmail.com,Karena.Weaks@gmail.com,firefighter
564,Annaliese,Ashok,Annaliese.Ashok@yopmail.com,Annaliese.Ashok@gmail.com,police officer
565,Orsola,Mich,Orsola.Mich@yopmail.com,Orsola.Mich@gmail.com,firefighter
566,Danny,Madelene,Danny.Madelene@yopmail.com,Danny.Madelene@gmail.com,worker
567,Marita,Artie,Marita.Artie@yopmail.com,Marita.Artie@gmail.com,developer
568,Chickie,Chick,Chickie.Chick@yopmail.com,Chickie.Chick@gmail.com,doctor
569,Ivett,Aldric,Ivett.Aldric@yopmail.com,Ivett.Aldric@gmail.com,doctor
570,Tina,Thar,Tina.Thar@yopmail.com,Tina.Thar@gmail.com,worker
571,Kimmy,Hollingsworth,Kimmy.Hollingsworth@yopmail.com,Kimmy.Hollingsworth@gmail.com,worker
572,Lolita,Poll,Lolita.Poll@yopmail.com,Lolita.Poll@gmail.com,firefighter
573,Rubie,Suzetta,Rubie.Suzetta@yopmail.com,Rubie.Suzetta@gmail.com,developer
574,Henriette,Desai,Henriette.Desai@yopmail.com,Henriette.Desai@gmail.com,developer
575,Jessy,Georgy,Jessy.Georgy@yopmail.com,Jessy.Georgy@gmail.com,worker
576,Tami,Kimmie,Tami.Kimmie@yopmail.com,Tami.Kimmie@gmail.com,firefighter
577,Agathe,Carey,Agathe.Carey@yopmail.com,Agathe.Carey@gmail.com,doctor
578,Oona,Kat,Oona.Kat@yopmail.com,Oona.Kat@gmail.com,doctor
579,Vevay,Pearse,Vevay.Pearse@yopmail.com,Vevay.Pearse@gmail.com,doctor
580,Priscilla,Oneida,Priscilla.Oneida@yopmail.com,Priscilla.Oneida@gmail.com,worker
581,Renae,Hartnett,Renae.Hartnett@yopmail.com,Renae.Hartnett@gmail.com,worker
582,Chloris,Lubin,Chloris.Lubin@yopmail.com,Chloris.Lubin@gmail.com,worker
583,Nickie,Tengdin,Nickie.Tengdin@yopmail.com,Nickie.Tengdin@gmail.com,doctor
584,Meghann,Gusella,Meghann.Gusella@yopmail.com,Meghann.Gusella@gmail.com,developer
585,Gabi,Henebry,Gabi.Henebry@yopmail.com,Gabi.Henebry@gmail.com,firefighter
586,Belinda,Glenden,Belinda.Glenden@yopmail.com,Belinda.Glenden@gmail.com,developer
587,Shell,Cosenza,Shell.Cosenza@yopmail.com,Shell.Cosenza@gmail.com,firefighter
588,Selia,McCutcheon,Selia.McCutcheon@yopmail.com,Selia.McCutcheon@gmail.com,firefighter
589,Misha,Dudley,Misha.Dudley@yopmail.com,Misha.Dudley@gmail.com,firefighter
590,Siana,Adamsen,Siana.Adamsen@yopmail.com,Siana.Adamsen@gmail.com,worker
591,Kary,Chem,Kary.Chem@yopmail.com,Kary.Chem@gmail.com,doctor
592,Gale,Guildroy,Gale.Guildroy@yopmail.com,Gale.Guildroy@gmail.com,police officer
593,Katuscha,Shelba,Katuscha.Shelba@yopmail.com,Katuscha.Shelba@gmail.com,worker
594,Ardenia,Syd,Ardenia.Syd@yopmail.com,Ardenia.Syd@gmail.com,firefighter
595,Wilma,Othilia,Wilma.Othilia@yopmail.com,Wilma.Othilia@gmail.com,doctor
596,Chastity,Pauly,Chastity.Pauly@yopmail.com,Chastity.Pauly@gmail.com,firefighter
597,Allyce,Destinee,Allyce.Destinee@yopmail.com,Allyce.Destinee@gmail.com,developer
598,Ann-Marie,Konyn,Ann-Marie.Konyn@yopmail.com,Ann-Marie.Konyn@gmail.com,doctor
599,Catrina,Stelle,Catrina.Stelle@yopmail.com,Catrina.Stelle@gmail.com,worker
600,Ashlee,Georgy,Ashlee.Georgy@yopmail.com,Ashlee.Georgy@gmail.com,doctor
601,Jsandye,Fulmer,Jsandye.Fulmer@yopmail.com,Jsandye.Fulmer@gmail.com,worker
602,Sonni,Nedrud,Sonni.Nedrud@yopmail.com,Sonni.Nedrud@gmail.com,worker
603,Elise,Winthorpe,Elise.Winthorpe@yopmail.com,Elise.Winthorpe@gmail.com,police officer
604,Joane,Sibyls,Joane.Sibyls@yopmail.com,Joane.Sibyls@gmail.com,doctor
605,Daune,Brady,Daune.Brady@yopmail.com,Daune.Brady@gmail.com,doctor
606,Pearline,Vivle,Pearline.Vivle@yopmail.com,Pearline.Vivle@gmail.com,developer
607,Raf,Ferino,Raf.Ferino@yopmail.com,Raf.Ferino@gmail.com,firefighter
608,Florencia,Lutero,Florencia.Lutero@yopmail.com,Florencia.Lutero@gmail.com,worker
609,Kristan,Ackerley,Kristan.Ackerley@yopmail.com,Kristan.Ackerley@gmail.com,doctor
610,Ginnie,Salvidor,Ginnie.Salvidor@yopmail.com,Ginnie.Salvidor@gmail.com,doctor
611,Florie,Cleavland,Florie.Cleavland@yopmail.com,Florie.Cleavland@gmail.com,firefighter
612,Rosabelle,Elephus,Rosabelle.Elephus@yopmail.com,Rosabelle.Elephus@gmail.com,developer
613,Susette,Reneta,Susette.Reneta@yopmail.com,Susette.Reneta@gmail.com,firefighter
614,Valeda,Nance,Valeda.Nance@yopmail.com,Valeda.Nance@gmail.com,police officer
615,Stacey,Khorma,Stacey.Khorma@yopmail.com,Stacey.Khorma@gmail.com,developer
616,Brooks,Koehler,Brooks.Koehler@yopmail.com,Brooks.Koehler@gmail.com,developer
617,Joeann,Doig,Joeann.Doig@yopmail.com,Joeann.Doig@gmail.com,doctor
618,Eugine,Milson,Eugine.Milson@yopmail.com,Eugine.Milson@gmail.com,police officer
619,Anica,Ventre,Anica.Ventre@yopmail.com,Anica.Ventre@gmail.com,worker
620,Kaja,Morrill,Kaja.Morrill@yopmail.com,Kaja.Morrill@gmail.com,doctor
621,Odessa,Philoo,Odessa.Philoo@yopmail.com,Odessa.Philoo@gmail.com,doctor
622,Molli,Eno,Molli.Eno@yopmail.com,Molli.Eno@gmail.com,worker
623,Winny,Han,Winny.Han@yopmail.com,Winny.Han@gmail.com,doctor
624,Kittie,Truc,Kittie.Truc@yopmail.com,Kittie.Truc@gmail.com,developer
625,Jolyn,Wooster,Jolyn.Wooster@yopmail.com,Jolyn.Wooster@gmail.com,worker
626,Glenda,Estella,Glenda.Estella@yopmail.com,Glenda.Estella@gmail.com,developer
627,Tabbatha,Fitzsimmons,Tabbatha.Fitzsimmons@yopmail.com,Tabbatha.Fitzsimmons@gmail.com,worker
628,Rosabelle,Tremayne,Rosabelle.Tremayne@yopmail.com,Rosabelle.Tremayne@gmail.com,doctor
629,Anestassia,Girardo,Anestassia.Girardo@yopmail.com,Anestassia.Girardo@gmail.com,doctor
630,Antonietta,Shuler,Antonietta.Shuler@yopmail.com,Antonietta.Shuler@gmail.com,firefighter
631,Emmey,Sophronia,Emmey.Sophronia@yopmail.com,Emmey.Sophronia@gmail.com,firefighter
632,Nollie,Noelyn,Nollie.Noelyn@yopmail.com,Nollie.Noelyn@gmail.com,police officer
633,Elbertina,Jary,Elbertina.Jary@yopmail.com,Elbertina.Jary@gmail.com,firefighter
634,Lenna,Mandler,Lenna.Mandler@yopmail.com,Lenna.Mandler@gmail.com,police officer
635,Tomasina,Vale,Tomasina.Vale@yopmail.com,Tomasina.Vale@gmail.com,police officer
636,Patricia,Dominy,Patricia.Dominy@yopmail.com,Patricia.Dominy@gmail.com,worker
637,Audrie,Weide,Audrie.Weide@yopmail.com,Audrie.Weide@gmail.com,police officer
638,Mara,Candy,Mara.Candy@yopmail.com,Mara.Candy@gmail.com,police officer
639,Darci,Tjon,Darci.Tjon@yopmail.com,Darci.Tjon@gmail.com,worker
640,Stephanie,Halla,Stephanie.Halla@yopmail.com,Stephanie.Halla@gmail.com,doctor
641,Viki,Schonfeld,Viki.Schonfeld@yopmail.com,Viki.Schonfeld@gmail.com,doctor
642,Ricky,Jalbert,Ricky.Jalbert@yopmail.com,Ricky.Jalbert@gmail.com,firefighter
643,Teriann,Aurelio,Teriann.Aurelio@yopmail.com,Teriann.Aurelio@gmail.com,worker
644,Lila,Fiester,Lila.Fiester@yopmail.com,Lila.Fiester@gmail.com,police officer
645,Yolane,Papageno,Yolane.Papageno@yopmail.com,Yolane.Papageno@gmail.com,doctor
646,Marjie,Sacken,Marjie.Sacken@yopmail.com,Marjie.Sacken@gmail.com,worker
647,Winny,Pascia,Winny.Pascia@yopmail.com,Winny.Pascia@gmail.com,police officer
648,Talya,Gherardo,Talya.Gherardo@yopmail.com,Talya.Gherardo@gmail.com,firefighter
649,Barbi,Hertzfeld,Barbi.Hertzfeld@yopmail.com,Barbi.Hertzfeld@gmail.com,developer
650,Jan,Diann,Jan.Diann@yopmail.com,Jan.Diann@gmail.com,firefighter
651,Minne,Andrel,Minne.Andrel@yopmail.com,Minne.Andrel@gmail.com,worker
652,Joceline,Riva,Joceline.Riva@yopmail.com,Joceline.Riva@gmail.com,firefighter
653,Olwen,Thad,Olwen.Thad@yopmail.com,Olwen.Thad@gmail.com,police officer
654,Morganica,Goldina,Morganica.Goldina@yopmail.com,Morganica.Goldina@gmail.com,doctor
655,Netty,Bendick,Netty.Bendick@yopmail.com,Netty.Bendick@gmail.com,developer
656,Joelly,Seagraves,Joelly.Seagraves@yopmail.com,Joelly.Seagraves@gmail.com,worker
657,Minne,Alrich,Minne.Alrich@yopmail.com,Minne.Alrich@gmail.com,firefighter
658,Rani,Niles,Rani.Niles@yopmail.com,Rani.Niles@gmail.com,police officer
659,Mildrid,Bord,Mildrid.Bord@yopmail.com,Mildrid.Bord@gmail.com,worker
660,Iseabal,Sibyls,Iseabal.Sibyls@yopmail.com,Iseabal.Sibyls@gmail.com,developer
661,Alia,Nikaniki,Alia.Nikaniki@yopmail.com,Alia.Nikaniki@gmail.com,doctor
662,Babita,Ortrude,Babita.Ortrude@yopmail.com,Babita.Ortrude@gmail.com,firefighter
663,Diena,Cherianne,Diena.Cherianne@yopmail.com,Diena.Cherianne@gmail.com,developer
664,Judy,Marijo,Judy.Marijo@yopmail.com,Judy.Marijo@gmail.com,firefighter
665,Chloris,Borrell,Chloris.Borrell@yopmail.com,Chloris.Borrell@gmail.com,worker
666,Tarra,Genna,Tarra.Genna@yopmail.com,Tarra.Genna@gmail.com,developer
667,Amara,Bonucci,Amara.Bonucci@yopmail.com,Amara.Bonucci@gmail.com,doctor
668,Brietta,Brandice,Brietta.Brandice@yopmail.com,Brietta.Brandice@gmail.com,firefighter
669,Randa,Brittani,Randa.Brittani@yopmail.com,Randa.Brittani@gmail.com,firefighter
670,Addia,Mike,Addia.Mike@yopmail.com,Addia.Mike@gmail.com,developer
671,Jacenta,Levey,Jacenta.Levey@yopmail.com,Jacenta.Levey@gmail.com,worker
672,Amara,Melleta,Amara.Melleta@yopmail.com,Amara.Melleta@gmail.com,worker
673,Zondra,Dalli,Zondra.Dalli@yopmail.com,Zondra.Dalli@gmail.com,firefighter
674,Adore,Westphal,Adore.Westphal@yopmail.com,Adore.Westphal@gmail.com,police officer
675,Britni,McLaughlin,Britni.McLaughlin@yopmail.com,Britni.McLaughlin@gmail.com,police officer
676,Mildrid,Daveta,Mildrid.Daveta@yopmail.com,Mildrid.Daveta@gmail.com,police officer
677,Dorothy,Persse,Dorothy.Persse@yopmail.com,Dorothy.Persse@gmail.com,police officer
678,Florie,Dunkin,Florie.Dunkin@yopmail.com,Florie.Dunkin@gmail.com,doctor
679,Clementine,Valerio,Clementine.Valerio@yopmail.com,Clementine.Valerio@gmail.com,firefighter
680,Sashenka,Gahl,Sashenka.Gahl@yopmail.com,Sashenka.Gahl@gmail.com,police officer
681,Katharina,Pettiford,Katharina.Pettiford@yopmail.com,Katharina.Pettiford@gmail.com,firefighter
682,Trudie,Sancho,Trudie.Sancho@yopmail.com,Trudie.Sancho@gmail.com,doctor
683,Joceline,Firmin,Joceline.Firmin@yopmail.com,Joceline.Firmin@gmail.com,worker
684,Binny,Sammons,Binny.Sammons@yopmail.com,Binny.Sammons@gmail.com,doctor
685,Ethel,Cosenza,Ethel.Cosenza@yopmail.com,Ethel.Cosenza@gmail.com,worker
686,Kara-Lynn,Melleta,Kara-Lynn.Melleta@yopmail.com,Kara-Lynn.Melleta@gmail.com,firefighter
687,Karly,Lea,Karly.Lea@yopmail.com,Karly.Lea@gmail.com,firefighter
688,Genevra,Bari,Genevra.Bari@yopmail.com,Genevra.Bari@gmail.com,doctor
689,Leona,Vale,Leona.Vale@yopmail.com,Leona.Vale@gmail.com,firefighter
690,Lizzie,Hanshaw,Lizzie.Hanshaw@yopmail.com,Lizzie.Hanshaw@gmail.com,firefighter
691,Anallese,Devlen,Anallese.Devlen@yopmail.com,Anallese.Devlen@gmail.com,developer
692,Sibella,Cristi,Sibella.Cristi@yopmail.com,Sibella.Cristi@gmail.com,doctor
693,Zondra,Ajay,Zondra.Ajay@yopmail.com,Zondra.Ajay@gmail.com,firefighter
694,Laurene,Alejoa,Laurene.Alejoa@yopmail.com,Laurene.Alejoa@gmail.com,developer
695,Doro,Ashely,Doro.Ashely@yopmail.com,Doro.Ashely@gmail.com,firefighter
696,Lacie,Jacobah,Lacie.Jacobah@yopmail.com,Lacie.Jacobah@gmail.com,doctor
697,Sallie,Freddi,Sallie.Freddi@yopmail.com,Sallie.Freddi@gmail.com,police officer
698,Alexine,Baudin,Alexine.Baudin@yopmail.com,Alexine.Baudin@gmail.com,worker
699,Audrie,Center,Audrie.Center@yopmail.com,Audrie.Center@gmail.com,firefighter
700,Susan,Letsou,Susan.Letsou@yopmail.com,Susan.Letsou@gmail.com,developer
701,Carmela,Fairweather,Carmela.Fairweather@yopmail.com,Carmela.Fairweather@gmail.com,firefighter
702,Lory,Isacco,Lory.Isacco@yopmail.com,Lory.Isacco@gmail.com,worker
703,Kittie,Kendrick,Kittie.Kendrick@yopmail.com,Kittie.Kendrick@gmail.com,police officer
704,Lucy,Hillel,Lucy.Hillel@yopmail.com,Lucy.Hillel@gmail.com,firefighter
705,Ann-Marie,Hieronymus,Ann-Marie.Hieronymus@yopmail.com,Ann-Marie.Hieronymus@gmail.com,firefighter
706,Elsie,Shelba,Elsie.Shelba@yopmail.com,Elsie.Shelba@gmail.com,police officer
707,Almeta,Agle,Almeta.Agle@yopmail.com,Almeta.Agle@gmail.com,firefighter
708,Dacia,Federica,Dacia.Federica@yopmail.com,Dacia.Federica@gmail.com,doctor
709,Donetta,August,Donetta.August@yopmail.com,Donetta.August@gmail.com,firefighter
710,Tierney,Leffen,Tierney.Leffen@yopmail.com,Tierney.Leffen@gmail.com,developer
711,Tori,Kevon,Tori.Kevon@yopmail.com,Tori.Kevon@gmail.com,worker
712,Elora,Terencio,Elora.Terencio@yopmail.com,Elora.Terencio@gmail.com,firefighter
713,Merrie,Eiser,Merrie.Eiser@yopmail.com,Merrie.Eiser@gmail.com,worker
714,Hermione,Riordan,Hermione.Riordan@yopmail.com,Hermione.Riordan@gmail.com,developer
715,Catharine,Quinn,Catharine.Quinn@yopmail.com,Catharine.Quinn@gmail.com,developer
716,Marcy,Holtz,Marcy.Holtz@yopmail.com,Marcy.Holtz@gmail.com,firefighter
717,Lyssa,Greyson,Lyssa.Greyson@yopmail.com,Lyssa.Greyson@gmail.com,doctor
718,Karlee,Magnolia,Karlee.Magnolia@yopmail.com,Karlee.Magnolia@gmail.com,doctor
719,Paule,Honoria,Paule.Honoria@yopmail.com,Paule.Honoria@gmail.com,doctor
720,Celestyna,Cath,Celestyna.Cath@yopmail.com,Celestyna.Cath@gmail.com,developer
721,Madelle,Chandler,Madelle.Chandler@yopmail.com,Madelle.Chandler@gmail.com,doctor
722,Karolina,Ciro,Karolina.Ciro@yopmail.com,Karolina.Ciro@gmail.com,firefighter
723,Karlee,Garek,Karlee.Garek@yopmail.com,Karlee.Garek@gmail.com,worker
724,Ann-Marie,Leary,Ann-Marie.Leary@yopmail.com,Ann-Marie.Leary@gmail.com,firefighter
725,Wileen,Pillsbury,Wileen.Pillsbury@yopmail.com,Wileen.Pillsbury@gmail.com,police officer
726,Tani,Sholley,Tani.Sholley@yopmail.com,Tani.Sholley@gmail.com,firefighter
727,Addia,Cleo,Addia.Cleo@yopmail.com,Addia.Cleo@gmail.com,firefighter
728,Petronia,Wareing,Petronia.Wareing@yopmail.com,Petronia.Wareing@gmail.com,worker
729,Concettina,Cimbura,Concettina.Cimbura@yopmail.com,Concettina.Cimbura@gmail.com,doctor
730,Sherrie,Wiener,Sherrie.Wiener@yopmail.com,Sherrie.Wiener@gmail.com,police officer
731,Asia,Marden,Asia.Marden@yopmail.com,Asia.Marden@gmail.com,police officer
732,Magdalena,Pelagias,Magdalena.Pelagias@yopmail.com,Magdalena.Pelagias@gmail.com,police officer
733,Audrie,Ursulette,Audrie.Ursulette@yopmail.com,Audrie.Ursulette@gmail.com,developer
734,Joleen,Cynar,Joleen.Cynar@yopmail.com,Joleen.Cynar@gmail.com,developer
735,Dode,Wiener,Dode.Wiener@yopmail.com,Dode.Wiener@gmail.com,doctor
736,Kathi,Fredi,Kathi.Fredi@yopmail.com,Kathi.Fredi@gmail.com,worker
737,Frank,Rogerio,Frank.Rogerio@yopmail.com,Frank.Rogerio@gmail.com,police officer
738,Daphne,Boehike,Daphne.Boehike@yopmail.com,Daphne.Boehike@gmail.com,police officer
739,Maurene,Rossner,Maurene.Rossner@yopmail.com,Maurene.Rossner@gmail.com,doctor
740,June,Dichy,June.Dichy@yopmail.com,June.Dichy@gmail.com,worker
741,Gabriellia,Darian,Gabriellia.Darian@yopmail.com,Gabriellia.Darian@gmail.com,firefighter
742,Cherrita,Lipson,Cherrita.Lipson@yopmail.com,Cherrita.Lipson@gmail.com,police officer
743,Sheelagh,Codding,Sheelagh.Codding@yopmail.com,Sheelagh.Codding@gmail.com,police officer
744,Devina,My,Devina.My@yopmail.com,Devina.My@gmail.com,developer
745,Carree,Zitvaa,Carree.Zitvaa@yopmail.com,Carree.Zitvaa@gmail.com,firefighter
746,Collen,MacIntosh,Collen.MacIntosh@yopmail.com,Collen.MacIntosh@gmail.com,police officer
747,Karlee,Toni,Karlee.Toni@yopmail.com,Karlee.Toni@gmail.com,developer
748,Wilma,Baudin,Wilma.Baudin@yopmail.com,Wilma.Baudin@gmail.com,developer
749,Rosene,Goerke,Rosene.Goerke@yopmail.com,Rosene.Goerke@gmail.com,developer
750,Pollyanna,Laurianne,Pollyanna.Laurianne@yopmail.com,Pollyanna.Laurianne@gmail.com,firefighter
751,Flory,Mintz,Flory.Mintz@yopmail.com,Flory.Mintz@gmail.com,worker
752,Aigneis,Trace,Aigneis.Trace@yopmail.com,Aigneis.Trace@gmail.com,police officer
753,Jessamyn,Ries,Jessamyn.Ries@yopmail.com,Jessamyn.Ries@gmail.com,doctor
754,Sara-Ann,Kussell,Sara-Ann.Kussell@yopmail.com,Sara-Ann.Kussell@gmail.com,police officer
755,Gaylene,Macey,Gaylene.Macey@yopmail.com,Gaylene.Macey@gmail.com,doctor
756,Tera,August,Tera.August@yopmail.com,Tera.August@gmail.com,worker
757,Augustine,Lilas,Augustine.Lilas@yopmail.com,Augustine.Lilas@gmail.com,firefighter
758,Calla,Anestassia,Calla.Anestassia@yopmail.com,Calla.Anestassia@gmail.com,worker
759,Winny,Evangelia,Winny.Evangelia@yopmail.com,Winny.Evangelia@gmail.com,worker
760,Wanda,Kristi,Wanda.Kristi@yopmail.com,Wanda.Kristi@gmail.com,worker
761,Sheelagh,Cookie,Sheelagh.Cookie@yopmail.com,Sheelagh.Cookie@gmail.com,firefighter
762,Penelopa,Couture,Penelopa.Couture@yopmail.com,Penelopa.Couture@gmail.com,police officer
763,Mathilda,Gladstone,Mathilda.Gladstone@yopmail.com,Mathilda.Gladstone@gmail.com,doctor
764,Bibby,Goddard,Bibby.Goddard@yopmail.com,Bibby.Goddard@gmail.com,developer
765,Aili,Weaks,Aili.Weaks@yopmail.com,Aili.Weaks@gmail.com,worker
766,Adriana,Mandler,Adriana.Mandler@yopmail.com,Adriana.Mandler@gmail.com,firefighter
767,Ketti,Saint,Ketti.Saint@yopmail.com,Ketti.Saint@gmail.com,police officer
768,Lanna,Lilas,Lanna.Lilas@yopmail.com,Lanna.Lilas@gmail.com,developer
769,Clarice,Lail,Clarice.Lail@yopmail.com,Clarice.Lail@gmail.com,doctor
770,Melanie,Amadas,Melanie.Amadas@yopmail.com,Melanie.Amadas@gmail.com,worker
771,Philis,Bollay,Philis.Bollay@yopmail.com,Philis.Bollay@gmail.com,firefighter
772,Hettie,Stuart,Hettie.Stuart@yopmail.com,Hettie.Stuart@gmail.com,worker
773,Sabina,Ellord,Sabina.Ellord@yopmail.com,Sabina.Ellord@gmail.com,firefighter
774,Marika,Avi,Marika.Avi@yopmail.com,Marika.Avi@gmail.com,doctor
775,Lorenza,Payson,Lorenza.Payson@yopmail.com,Lorenza.Payson@gmail.com,doctor
776,Morganica,Oscar,Morganica.Oscar@yopmail.com,Morganica.Oscar@gmail.com,firefighter
777,Shirlee,Ammann,Shirlee.Ammann@yopmail.com,Shirlee.Ammann@gmail.com,doctor
778,Suzette,Greenwald,Suzette.Greenwald@yopmail.com,Suzette.Greenwald@gmail.com,doctor
779,Gaylene,Xerxes,Gaylene.Xerxes@yopmail.com,Gaylene.Xerxes@gmail.com,developer
780,Mady,Joeann,Mady.Joeann@yopmail.com,Mady.Joeann@gmail.com,developer
781,Lacie,Oriana,Lacie.Oriana@yopmail.com,Lacie.Oriana@gmail.com,police officer
782,Leeanne,Oriana,Leeanne.Oriana@yopmail.com,Leeanne.Oriana@gmail.com,doctor
783,Rhea,Aurelio,Rhea.Aurelio@yopmail.com,Rhea.Aurelio@gmail.com,firefighter
784,Frances,Therine,Frances.Therine@yopmail.com,Frances.Therine@gmail.com,police officer
785,Karlee,Elsinore,Karlee.Elsinore@yopmail.com,Karlee.Elsinore@gmail.com,doctor
786,Augustine,Santoro,Augustine.Santoro@yopmail.com,Augustine.Santoro@gmail.com,doctor
787,Dulcinea,Linskey,Dulcinea.Linskey@yopmail.com,Dulcinea.Linskey@gmail.com,doctor
788,Madeleine,Rurik,Madeleine.Rurik@yopmail.com,Madeleine.Rurik@gmail.com,doctor
789,Chastity,Paton,Chastity.Paton@yopmail.com,Chastity.Paton@gmail.com,doctor
790,Mildrid,Gaynor,Mildrid.Gaynor@yopmail.com,Mildrid.Gaynor@gmail.com,firefighter
791,Fanchon,Hollingsworth,Fanchon.Hollingsworth@yopmail.com,Fanchon.Hollingsworth@gmail.com,developer
792,Di,Leler,Di.Leler@yopmail.com,Di.Leler@gmail.com,worker
793,Mignon,Wildermuth,Mignon.Wildermuth@yopmail.com,Mignon.Wildermuth@gmail.com,developer
794,Sibella,Fredi,Sibella.Fredi@yopmail.com,Sibella.Fredi@gmail.com,police officer
795,Beth,Martsen,Beth.Martsen@yopmail.com,Beth.Martsen@gmail.com,police officer
796,Fanny,Mozelle,Fanny.Mozelle@yopmail.com,Fanny.Mozelle@gmail.com,police officer
797,Deane,Jeanne,Deane.Jeanne@yopmail.com,Deane.Jeanne@gmail.com,doctor
798,Etta,Dannye,Etta.Dannye@yopmail.com,Etta.Dannye@gmail.com,doctor
799,Vinita,Chabot,Vinita.Chabot@yopmail.com,Vinita.Chabot@gmail.com,doctor
800,Laurene,Maisey,Laurene.Maisey@yopmail.com,Laurene.Maisey@gmail.com,worker
801,Agnese,Ricarda,Agnese.Ricarda@yopmail.com,Agnese.Ricarda@gmail.com,firefighter
802,Gale,Colp,Gale.Colp@yopmail.com,Gale.Colp@gmail.com,worker
803,Lacie,Eben,Lacie.Eben@yopmail.com,Lacie.Eben@gmail.com,developer
804,Siana,Boycey,Siana.Boycey@yopmail.com,Siana.Boycey@gmail.com,developer
805,Kristan,Carvey,Kristan.Carvey@yopmail.com,Kristan.Carvey@gmail.com,developer
806,Rayna,McLaughlin,Rayna.McLaughlin@yopmail.com,Rayna.McLaughlin@gmail.com,firefighter
807,Glynnis,Xerxes,Glynnis.Xerxes@yopmail.com,Glynnis.Xerxes@gmail.com,developer
808,Edyth,Junie,Edyth.Junie@yopmail.com,Edyth.Junie@gmail.com,doctor
809,Lita,Wiener,Lita.Wiener@yopmail.com,Lita.Wiener@gmail.com,developer
810,Ebonee,Hunfredo,Ebonee.Hunfredo@yopmail.com,Ebonee.Hunfredo@gmail.com,doctor
811,Alyssa,Haerr,Alyssa.Haerr@yopmail.com,Alyssa.Haerr@gmail.com,worker
812,Ginnie,Nance,Ginnie.Nance@yopmail.com,Ginnie.Nance@gmail.com,developer
813,Belva,Buckler,Belva.Buckler@yopmail.com,Belva.Buckler@gmail.com,police officer
814,Fina,Couture,Fina.Couture@yopmail.com,Fina.Couture@gmail.com,police officer
815,Jackie,Ietta,Jackie.Ietta@yopmail.com,Jackie.Ietta@gmail.com,developer
816,Alejandra,Teryn,Alejandra.Teryn@yopmail.com,Alejandra.Teryn@gmail.com,firefighter
817,Carolina,Gamaliel,Carolina.Gamaliel@yopmail.com,Carolina.Gamaliel@gmail.com,police officer
818,Kore,Zitvaa,Kore.Zitvaa@yopmail.com,Kore.Zitvaa@gmail.com,police officer
819,Janey,Wyn,Janey.Wyn@yopmail.com,Janey.Wyn@gmail.com,developer
820,Carree,Heidt,Carree.Heidt@yopmail.com,Carree.Heidt@gmail.com,doctor
821,Janenna,Oster,Janenna.Oster@yopmail.com,Janenna.Oster@gmail.com,police officer
822,Raina,Ulphia,Raina.Ulphia@yopmail.com,Raina.Ulphia@gmail.com,doctor
823,Sybille,Selway,Sybille.Selway@yopmail.com,Sybille.Selway@gmail.com,police officer
824,Lelah,Eugenia,Lelah.Eugenia@yopmail.com,Lelah.Eugenia@gmail.com,doctor
825,Nananne,Oneida,Nananne.Oneida@yopmail.com,Nananne.Oneida@gmail.com,worker
826,Elie,Riva,Elie.Riva@yopmail.com,Elie.Riva@gmail.com,doctor
827,Agathe,Lauraine,Agathe.Lauraine@yopmail.com,Agathe.Lauraine@gmail.com,police officer
828,Priscilla,Bryna,Priscilla.Bryna@yopmail.com,Priscilla.Bryna@gmail.com,developer
829,Norine,Bivins,Norine.Bivins@yopmail.com,Norine.Bivins@gmail.com,doctor
830,Donnie,Anton,Donnie.Anton@yopmail.com,Donnie.Anton@gmail.com,police officer
831,Diena,August,Diena.August@yopmail.com,Diena.August@gmail.com,police officer
832,Romona,Lesley,Romona.Lesley@yopmail.com,Romona.Lesley@gmail.com,worker
833,Shauna,Stuart,Shauna.Stuart@yopmail.com,Shauna.Stuart@gmail.com,worker
834,Dacia,Regan,Dacia.Regan@yopmail.com,Dacia.Regan@gmail.com,doctor
835,Nikki,Robertson,Nikki.Robertson@yopmail.com,Nikki.Robertson@gmail.com,police officer
836,Joelly,Karylin,Joelly.Karylin@yopmail.com,Joelly.Karylin@gmail.com,worker
837,Myriam,Jerold,Myriam.Jerold@yopmail.com,Myriam.Jerold@gmail.com,firefighter
838,Hannis,Tufts,Hannis.Tufts@yopmail.com,Hannis.Tufts@gmail.com,firefighter
839,Gusty,Lareena,Gusty.Lareena@yopmail.com,Gusty.Lareena@gmail.com,doctor
840,Tatiania,Naashom,Tatiania.Naashom@yopmail.com,Tatiania.Naashom@gmail.com,doctor
841,Ayn,Kazimir,Ayn.Kazimir@yopmail.com,Ayn.Kazimir@gmail.com,developer
842,Bernie,Simmonds,Bernie.Simmonds@yopmail.com,Bernie.Simmonds@gmail.com,firefighter
843,Aigneis,Elvyn,Aigneis.Elvyn@yopmail.com,Aigneis.Elvyn@gmail.com,police officer
844,Etta,Aurelio,Etta.Aurelio@yopmail.com,Etta.Aurelio@gmail.com,police officer
845,Gloria,Janene,Gloria.Janene@yopmail.com,Gloria.Janene@gmail.com,doctor
846,Tarra,Zachary,Tarra.Zachary@yopmail.com,Tarra.Zachary@gmail.com,police officer
847,Constance,Vivle,Constance.Vivle@yopmail.com,Constance.Vivle@gmail.com,developer
848,Glynnis,Norvol,Glynnis.Norvol@yopmail.com,Glynnis.Norvol@gmail.com,police officer
849,Maye,Verger,Maye.Verger@yopmail.com,Maye.Verger@gmail.com,worker
850,Suzette,Granoff,Suzette.Granoff@yopmail.com,Suzette.Granoff@gmail.com,doctor
851,Zondra,Auberbach,Zondra.Auberbach@yopmail.com,Zondra.Auberbach@gmail.com,firefighter
852,Cissiee,Abernon,Cissiee.Abernon@yopmail.com,Cissiee.Abernon@gmail.com,worker
853,Selia,Bury,Selia.Bury@yopmail.com,Selia.Bury@gmail.com,doctor
854,Blondelle,Cyrie,Blondelle.Cyrie@yopmail.com,Blondelle.Cyrie@gmail.com,firefighter
855,Celestyna,Stefa,Celestyna.Stefa@yopmail.com,Celestyna.Stefa@gmail.com,worker
856,Jasmina,Fry,Jasmina.Fry@yopmail.com,Jasmina.Fry@gmail.com,police officer
857,Charissa,Bury,Charissa.Bury@yopmail.com,Charissa.Bury@gmail.com,police officer
858,Alex,Azeria,Alex.Azeria@yopmail.com,Alex.Azeria@gmail.com,doctor
859,Cam,Lutero,Cam.Lutero@yopmail.com,Cam.Lutero@gmail.com,worker
860,Layla,Zrike,Layla.Zrike@yopmail.com,Layla.Zrike@gmail.com,firefighter
861,Dania,Chauncey,Dania.Chauncey@yopmail.com,Dania.Chauncey@gmail.com,worker
862,Carmela,Ephrem,Carmela.Ephrem@yopmail.com,Carmela.Ephrem@gmail.com,developer
863,Kristan,Hollingsworth,Kristan.Hollingsworth@yopmail.com,Kristan.Hollingsworth@gmail.com,developer
864,Aurore,Klemperer,Aurore.Klemperer@yopmail.com,Aurore.Klemperer@gmail.com,developer
865,Bee,Florina,Bee.Florina@yopmail.com,Bee.Florina@gmail.com,doctor
866,Kore,Juan,Kore.Juan@yopmail.com,Kore.Juan@gmail.com,police officer
867,Christy,Palocz,Christy.Palocz@yopmail.com,Christy.Palocz@gmail.com,doctor
868,Drucie,Fillbert,Drucie.Fillbert@yopmail.com,Drucie.Fillbert@gmail.com,police officer
869,Peri,Alisia,Peri.Alisia@yopmail.com,Peri.Alisia@gmail.com,doctor
870,Selia,Delp,Selia.Delp@yopmail.com,Selia.Delp@gmail.com,doctor
871,Karena,Malanie,Karena.Malanie@yopmail.com,Karena.Malanie@gmail.com,worker
872,Korrie,Lane,Korrie.Lane@yopmail.com,Korrie.Lane@gmail.com,firefighter
873,Juliane,Faro,Juliane.Faro@yopmail.com,Juliane.Faro@gmail.com,worker
874,Edee,Vale,Edee.Vale@yopmail.com,Edee.Vale@gmail.com,worker
875,Libbie,Goddard,Libbie.Goddard@yopmail.com,Libbie.Goddard@gmail.com,doctor
876,Kary,Haldas,Kary.Haldas@yopmail.com,Kary.Haldas@gmail.com,police officer
877,Abbie,Flita,Abbie.Flita@yopmail.com,Abbie.Flita@gmail.com,doctor
878,Kirstin,Weinreb,Kirstin.Weinreb@yopmail.com,Kirstin.Weinreb@gmail.com,worker
879,Mamie,Klemperer,Mamie.Klemperer@yopmail.com,Mamie.Klemperer@gmail.com,police officer
880,Kathi,Marisa,Kathi.Marisa@yopmail.com,Kathi.Marisa@gmail.com,worker
881,Sadie,Pelagias,Sadie.Pelagias@yopmail.com,Sadie.Pelagias@gmail.com,doctor
882,Fanchon,Obed,Fanchon.Obed@yopmail.com,Fanchon.Obed@gmail.com,worker
883,Shaylyn,Isacco,Shaylyn.Isacco@yopmail.com,Shaylyn.Isacco@gmail.com,firefighter
884,Ada,Mott,Ada.Mott@yopmail.com,Ada.Mott@gmail.com,worker
885,Gertrud,Vivle,Gertrud.Vivle@yopmail.com,Gertrud.Vivle@gmail.com,worker
886,Shaylyn,Bord,Shaylyn.Bord@yopmail.com,Shaylyn.Bord@gmail.com,police officer
887,Genevra,Trey,Genevra.Trey@yopmail.com,Genevra.Trey@gmail.com,developer
888,Elie,Donell,Elie.Donell@yopmail.com,Elie.Donell@gmail.com,worker
889,Ardenia,Liva,Ardenia.Liva@yopmail.com,Ardenia.Liva@gmail.com,developer
890,Jordan,Martsen,Jordan.Martsen@yopmail.com,Jordan.Martsen@gmail.com,firefighter
891,Ariela,Maryanne,Ariela.Maryanne@yopmail.com,Ariela.Maryanne@gmail.com,doctor
892,Dulcinea,Laverne,Dulcinea.Laverne@yopmail.com,Dulcinea.Laverne@gmail.com,doctor
893,Marita,Couture,Marita.Couture@yopmail.com,Marita.Couture@gmail.com,police officer
894,Petronia,Boehike,Petronia.Boehike@yopmail.com,Petronia.Boehike@gmail.com,police officer
895,Nicoli,Richers,Nicoli.Richers@yopmail.com,Nicoli.Richers@gmail.com,firefighter
896,Brynna,Dyche,Brynna.Dyche@yopmail.com,Brynna.Dyche@gmail.com,developer
897,Janey,Elephus,Janey.Elephus@yopmail.com,Janey.Elephus@gmail.com,police officer
898,Celestyna,Federica,Celestyna.Federica@yopmail.com,Celestyna.Federica@gmail.com,police officer
899,Shauna,Gavrila,Shauna.Gavrila@yopmail.com,Shauna.Gavrila@gmail.com,police officer
900,Laure,Baylor,Laure.Baylor@yopmail.com,Laure.Baylor@gmail.com,worker
901,Mureil,Gower,Mureil.Gower@yopmail.com,Mureil.Gower@gmail.com,worker
902,Consuela,Shelba,Consuela.Shelba@yopmail.com,Consuela.Shelba@gmail.com,developer
903,Marcelline,Maples,Marcelline.Maples@yopmail.com,Marcelline.Maples@gmail.com,worker
904,Hettie,Greenwald,Hettie.Greenwald@yopmail.com,Hettie.Greenwald@gmail.com,police officer
905,Corry,Nester,Corry.Nester@yopmail.com,Corry.Nester@gmail.com,firefighter
906,Glenda,Lipson,Glenda.Lipson@yopmail.com,Glenda.Lipson@gmail.com,police officer
907,Marti,Hirsch,Marti.Hirsch@yopmail.com,Marti.Hirsch@gmail.com,developer
908,Bill,Tufts,Bill.Tufts@yopmail.com,Bill.Tufts@gmail.com,worker
909,Marika,Giule,Marika.Giule@yopmail.com,Marika.Giule@gmail.com,police officer
910,Clarice,Reinke,Clarice.Reinke@yopmail.com,Clarice.Reinke@gmail.com,worker
911,Demetris,Toffic,Demetris.Toffic@yopmail.com,Demetris.Toffic@gmail.com,firefighter
912,Corly,Gilmour,Corly.Gilmour@yopmail.com,Corly.Gilmour@gmail.com,police officer
913,Dulce,Natalia,Dulce.Natalia@yopmail.com,Dulce.Natalia@gmail.com,doctor
914,Lily,Gladstone,Lily.Gladstone@yopmail.com,Lily.Gladstone@gmail.com,firefighter
915,Rhea,Amand,Rhea.Amand@yopmail.com,Rhea.Amand@gmail.com,developer
916,Charlena,Zitvaa,Charlena.Zitvaa@yopmail.com,Charlena.Zitvaa@gmail.com,worker
917,Sindee,Shields,Sindee.Shields@yopmail.com,Sindee.Shields@gmail.com,firefighter
918,Jan,Therine,Jan.Therine@yopmail.com,Jan.Therine@gmail.com,doctor
919,Lelah,Romelda,Lelah.Romelda@yopmail.com,Lelah.Romelda@gmail.com,doctor
920,Eadie,Amasa,Eadie.Amasa@yopmail.com,Eadie.Amasa@gmail.com,doctor
921,Halette,Ulphia,Halette.Ulphia@yopmail.com,Halette.Ulphia@gmail.com,police officer
922,Georgetta,Japeth,Georgetta.Japeth@yopmail.com,Georgetta.Japeth@gmail.com,developer
923,Gale,Burnside,Gale.Burnside@yopmail.com,Gale.Burnside@gmail.com,developer
924,Margarette,Morgun,Margarette.Morgun@yopmail.com,Margarette.Morgun@gmail.com,worker
925,Mureil,Orelee,Mureil.Orelee@yopmail.com,Mureil.Orelee@gmail.com,worker
926,Lynnea,Arvo,Lynnea.Arvo@yopmail.com,Lynnea.Arvo@gmail.com,doctor
927,Lita,Gaal,Lita.Gaal@yopmail.com,Lita.Gaal@gmail.com,developer
928,Cathyleen,Rustice,Cathyleen.Rustice@yopmail.com,Cathyleen.Rustice@gmail.com,doctor
929,Bee,Kenwood,Bee.Kenwood@yopmail.com,Bee.Kenwood@gmail.com,police officer
930,Gui,Justinn,Gui.Justinn@yopmail.com,Gui.Justinn@gmail.com,developer
931,Leeanne,Amasa,Leeanne.Amasa@yopmail.com,Leeanne.Amasa@gmail.com,firefighter
932,Queenie,Maxi,Queenie.Maxi@yopmail.com,Queenie.Maxi@gmail.com,developer
933,Misha,Klemperer,Misha.Klemperer@yopmail.com,Misha.Klemperer@gmail.com,police officer
934,Claudina,Fosque,Claudina.Fosque@yopmail.com,Claudina.Fosque@gmail.com,worker
935,Brena,Gabrielli,Brena.Gabrielli@yopmail.com,Brena.Gabrielli@gmail.com,firefighter
936,Clementine,Janene,Clementine.Janene@yopmail.com,Clementine.Janene@gmail.com,developer
937,Phylis,Millda,Phylis.Millda@yopmail.com,Phylis.Millda@gmail.com,doctor
938,Millie,Atonsah,Millie.Atonsah@yopmail.com,Millie.Atonsah@gmail.com,developer
939,Tami,Catie,Tami.Catie@yopmail.com,Tami.Catie@gmail.com,firefighter
940,Zaria,Weaks,Zaria.Weaks@yopmail.com,Zaria.Weaks@gmail.com,doctor
941,Laurene,Toor,Laurene.Toor@yopmail.com,Laurene.Toor@gmail.com,worker
942,Catrina,Erminia,Catrina.Erminia@yopmail.com,Catrina.Erminia@gmail.com,police officer
943,Renae,Eiser,Renae.Eiser@yopmail.com,Renae.Eiser@gmail.com,developer
944,Lonnie,Peg,Lonnie.Peg@yopmail.com,Lonnie.Peg@gmail.com,worker
945,Babita,Olympium,Babita.Olympium@yopmail.com,Babita.Olympium@gmail.com,police officer
946,Joleen,Fabiola,Joleen.Fabiola@yopmail.com,Joleen.Fabiola@gmail.com,developer
947,Kerrin,Virgin,Kerrin.Virgin@yopmail.com,Kerrin.Virgin@gmail.com,doctor
948,Mady,Bach,Mady.Bach@yopmail.com,Mady.Bach@gmail.com,worker
949,Emelina,Carbo,Emelina.Carbo@yopmail.com,Emelina.Carbo@gmail.com,developer
950,Ricky,Briney,Ricky.Briney@yopmail.com,Ricky.Briney@gmail.com,doctor
951,Nadine,Schonfeld,Nadine.Schonfeld@yopmail.com,Nadine.Schonfeld@gmail.com,developer
952,Alisha,Dreda,Alisha.Dreda@yopmail.com,Alisha.Dreda@gmail.com,developer
953,Elora,Engdahl,Elora.Engdahl@yopmail.com,Elora.Engdahl@gmail.com,developer
954,Georgina,Lunsford,Georgina.Lunsford@yopmail.com,Georgina.Lunsford@gmail.com,doctor
955,Jorry,Killigrew,Jorry.Killigrew@yopmail.com,Jorry.Killigrew@gmail.com,developer
956,Lily,O'Rourke,Lily.O'Rourke@yopmail.com,Lily.O'Rourke@gmail.com,police officer
957,Fernande,Ader,Fernande.Ader@yopmail.com,Fernande.Ader@gmail.com,developer
958,Devina,Bendick,Devina.Bendick@yopmail.com,Devina.Bendick@gmail.com,doctor
959,Moyna,Pozzy,Moyna.Pozzy@yopmail.com,Moyna.Pozzy@gmail.com,police officer
960,Allyce,Koziara,Allyce.Koziara@yopmail.com,Allyce.Koziara@gmail.com,police officer
961,Nickie,Wenoa,Nickie.Wenoa@yopmail.com,Nickie.Wenoa@gmail.com,firefighter
962,Nerta,Nedrud,Nerta.Nedrud@yopmail.com,Nerta.Nedrud@gmail.com,firefighter
963,Linet,Bibi,Linet.Bibi@yopmail.com,Linet.Bibi@gmail.com,developer
964,Elvira,Marcellus,Elvira.Marcellus@yopmail.com,Elvira.Marcellus@gmail.com,worker
965,Ekaterina,Bahr,Ekaterina.Bahr@yopmail.com,Ekaterina.Bahr@gmail.com,firefighter
966,Dotty,Casimir,Dotty.Casimir@yopmail.com,Dotty.Casimir@gmail.com,worker
967,Kalina,Dyche,Kalina.Dyche@yopmail.com,Kalina.Dyche@gmail.com,doctor
968,Allis,Azeria,Allis.Azeria@yopmail.com,Allis.Azeria@gmail.com,worker
969,Berget,Anestassia,Berget.Anestassia@yopmail.com,Berget.Anestassia@gmail.com,developer
970,Vivia,Stefa,Vivia.Stefa@yopmail.com,Vivia.Stefa@gmail.com,developer
971,Roz,Plato,Roz.Plato@yopmail.com,Roz.Plato@gmail.com,worker
972,Molli,Revkah,Molli.Revkah@yopmail.com,Molli.Revkah@gmail.com,police officer
973,Jan,Raseda,Jan.Raseda@yopmail.com,Jan.Raseda@gmail.com,police officer
974,Lorne,An,Lorne.An@yopmail.com,Lorne.An@gmail.com,doctor
975,Minne,Talia,Minne.Talia@yopmail.com,Minne.Talia@gmail.com,police officer
976,Micheline,Regan,Micheline.Regan@yopmail.com,Micheline.Regan@gmail.com,developer
977,Jacenta,Tice,Jacenta.Tice@yopmail.com,Jacenta.Tice@gmail.com,doctor
978,Sybille,Joachim,Sybille.Joachim@yopmail.com,Sybille.Joachim@gmail.com,police officer
979,Barbara,Noelyn,Barbara.Noelyn@yopmail.com,Barbara.Noelyn@gmail.com,police officer
980,Dulcinea,Edee,Dulcinea.Edee@yopmail.com,Dulcinea.Edee@gmail.com,police officer
981,Robinia,Orelee,Robinia.Orelee@yopmail.com,Robinia.Orelee@gmail.com,doctor
982,Estell,Pacorro,Estell.Pacorro@yopmail.com,Estell.Pacorro@gmail.com,doctor
983,Ursulina,Baudin,Ursulina.Baudin@yopmail.com,Ursulina.Baudin@gmail.com,police officer
984,Nariko,Hanshaw,Nariko.Hanshaw@yopmail.com,Nariko.Hanshaw@gmail.com,developer
985,Lorenza,Cassius,Lorenza.Cassius@yopmail.com,Lorenza.Cassius@gmail.com,developer
986,Mahalia,Hashim,Mahalia.Hashim@yopmail.com,Mahalia.Hashim@gmail.com,developer
987,Latisha,Fontana,Latisha.Fontana@yopmail.com,Latisha.Fontana@gmail.com,doctor
988,Sallie,Camden,Sallie.Camden@yopmail.com,Sallie.Camden@gmail.com,police officer
989,Melisent,Morrill,Melisent.Morrill@yopmail.com,Melisent.Morrill@gmail.com,firefighter
990,Correy,Kronfeld,Correy.Kronfeld@yopmail.com,Correy.Kronfeld@gmail.com,doctor
991,Aubrie,Sherrie,Aubrie.Sherrie@yopmail.com,Aubrie.Sherrie@gmail.com,developer
992,Shel,Vilma,Shel.Vilma@yopmail.com,Shel.Vilma@gmail.com,doctor
993,Fayre,Fitzsimmons,Fayre.Fitzsimmons@yopmail.com,Fayre.Fitzsimmons@gmail.com,doctor
994,Beverley,Schroth,Beverley.Schroth@yopmail.com,Beverley.Schroth@gmail.com,police officer
995,Edyth,Bultman,Edyth.Bultman@yopmail.com,Edyth.Bultman@gmail.com,doctor
996,Dorice,Guildroy,Dorice.Guildroy@yopmail.com,Dorice.Guildroy@gmail.com,police officer
997,Karena,Janene,Karena.Janene@yopmail.com,Karena.Janene@gmail.com,doctor
998,Tami,Berard,Tami.Berard@yopmail.com,Tami.Berard@gmail.com,firefighter
999,Vita,Herrera,Vita.Herrera@yopmail.com,Vita.Herrera@gmail.com,worker
1000,Sibella,Trinetta,Sibella.Trinetta@yopmail.com,Sibella.Trinetta@gmail.com,police officer
1001,Orelia,Reidar,Orelia.Reidar@yopmail.com,Orelia.Reidar@gmail.com,doctor
1002,Di,Parette,Di.Parette@yopmail.com,Di.Parette@gmail.com,worker
1003,Calla,Masao,Calla.Masao@yopmail.com,Calla.Masao@gmail.com,developer
1004,Lorie,Greenwald,Lorie.Greenwald@yopmail.com,Lorie.Greenwald@gmail.com,developer
1005,Lynde,Izaak,Lynde.Izaak@yopmail.com,Lynde.Izaak@gmail.com,doctor
1006,Maridel,Libna,Maridel.Libna@yopmail.com,Maridel.Libna@gmail.com,firefighter
1007,Cristabel,Ade,Cristabel.Ade@yopmail.com,Cristabel.Ade@gmail.com,police officer
1008,Celisse,Eldrid,Celisse.Eldrid@yopmail.com,Celisse.Eldrid@gmail.com,police officer
1009,Selia,Pacorro,Selia.Pacorro@yopmail.com,Selia.Pacorro@gmail.com,police officer
1010,Anthia,Seumas,Anthia.Seumas@yopmail.com,Anthia.Seumas@gmail.com,firefighter
1011,Katuscha,Kellby,Katuscha.Kellby@yopmail.com,Katuscha.Kellby@gmail.com,doctor
1012,Ketti,Cleo,Ketti.Cleo@yopmail.com,Ketti.Cleo@gmail.com,doctor
1013,Teddie,Suzetta,Teddie.Suzetta@yopmail.com,Teddie.Suzetta@gmail.com,doctor
1014,Selma,Othilia,Selma.Othilia@yopmail.com,Selma.Othilia@gmail.com,worker
1015,Cordi,Tannie,Cordi.Tannie@yopmail.com,Cordi.Tannie@gmail.com,doctor
1016,Alleen,Ajay,Alleen.Ajay@yopmail.com,Alleen.Ajay@gmail.com,doctor
1017,Xylina,Vernier,Xylina.Vernier@yopmail.com,Xylina.Vernier@gmail.com,police officer
1018,Kary,Hewitt,Kary.Hewitt@yopmail.com,Kary.Hewitt@gmail.com,firefighter
1019,Vinita,Lane,Vinita.Lane@yopmail.com,Vinita.Lane@gmail.com,firefighter
1020,Chickie,Tremayne,Chickie.Tremayne@yopmail.com,Chickie.Tremayne@gmail.com,firefighter
1021,Dennie,Roumell,Dennie.Roumell@yopmail.com,Dennie.Roumell@gmail.com,police officer
1022,Aurore,Turne,Aurore.Turne@yopmail.com,Aurore.Turne@gmail.com,doctor
1023,Lanae,Schenck,Lanae.Schenck@yopmail.com,Lanae.Schenck@gmail.com,doctor
1024,Nikki,Rubie,Nikki.Rubie@yopmail.com,Nikki.Rubie@gmail.com,worker
1025,Andeee,Judye,Andeee.Judye@yopmail.com,Andeee.Judye@gmail.com,police officer
1026,Frieda,Claudine,Frieda.Claudine@yopmail.com,Frieda.Claudine@gmail.com,police officer
1027,Christal,Tarrant,Christal.Tarrant@yopmail.com,Christal.Tarrant@gmail.com,doctor
1028,Cacilie,Arvo,Cacilie.Arvo@yopmail.com,Cacilie.Arvo@gmail.com,developer
1029,Bibby,Pitt,Bibby.Pitt@yopmail.com,Bibby.Pitt@gmail.com,developer
1030,Anallese,Maiah,Anallese.Maiah@yopmail.com,Anallese.Maiah@gmail.com,developer
1031,Joleen,Letsou,Joleen.Letsou@yopmail.com,Joleen.Letsou@gmail.com,police officer
1032,Roberta,Fry,Roberta.Fry@yopmail.com,Roberta.Fry@gmail.com,worker
1033,Lily,Hedve,Lily.Hedve@yopmail.com,Lily.Hedve@gmail.com,police officer
1034,Joceline,Cimbura,Joceline.Cimbura@yopmail.com,Joceline.Cimbura@gmail.com,police officer
1035,Malina,Docilla,Malina.Docilla@yopmail.com,Malina.Docilla@gmail.com,doctor
1036,Harmonia,Heidt,Harmonia.Heidt@yopmail.com,Harmonia.Heidt@gmail.com,worker
1037,Christian,Chrystel,Christian.Chrystel@yopmail.com,Christian.Chrystel@gmail.com,developer
1038,Rhoda,Docilla,Rhoda.Docilla@yopmail.com,Rhoda.Docilla@gmail.com,worker
1039,Gusella,Dosia,Gusella.Dosia@yopmail.com,Gusella.Dosia@gmail.com,worker
1040,Lusa,Yusuk,Lusa.Yusuk@yopmail.com,Lusa.Yusuk@gmail.com,doctor
1041,Wileen,Cherianne,Wileen.Cherianne@yopmail.com,Wileen.Cherianne@gmail.com,developer
1042,Steffane,Lea,Steffane.Lea@yopmail.com,Steffane.Lea@gmail.com,doctor
1043,Mireielle,Lynn,Mireielle.Lynn@yopmail.com,Mireielle.Lynn@gmail.com,developer
1044,Patricia,Diann,Patricia.Diann@yopmail.com,Patricia.Diann@gmail.com,worker
1045,Vere,Faso,Vere.Faso@yopmail.com,Vere.Faso@gmail.com,developer
1046,Florie,Darian,Florie.Darian@yopmail.com,Florie.Darian@gmail.com,worker
1047,Kayla,Hillel,Kayla.Hillel@yopmail.com,Kayla.Hillel@gmail.com,doctor
1048,Letizia,Teddman,Letizia.Teddman@yopmail.com,Letizia.Teddman@gmail.com,worker
1049,Leia,Lorenz,Leia.Lorenz@yopmail.com,Leia.Lorenz@gmail.com,developer
1050,Imojean,Daniele,Imojean.Daniele@yopmail.com,Imojean.Daniele@gmail.com,police officer
1051,Valli,Geffner,Valli.Geffner@yopmail.com,Valli.Geffner@gmail.com,worker
1052,Karlee,Obed,Karlee.Obed@yopmail.com,Karlee.Obed@gmail.com,doctor
1053,Violet,Kevon,Violet.Kevon@yopmail.com,Violet.Kevon@gmail.com,worker
1054,Tybie,Blase,Tybie.Blase@yopmail.com,Tybie.Blase@gmail.com,firefighter
1055,Mignon,Uund,Mignon.Uund@yopmail.com,Mignon.Uund@gmail.com,developer
1056,Kary,Izaak,Kary.Izaak@yopmail.com,Kary.Izaak@gmail.com,developer
1057,Ottilie,Vivle,Ottilie.Vivle@yopmail.com,Ottilie.Vivle@gmail.com,developer
1058,Rochette,Clie,Rochette.Clie@yopmail.com,Rochette.Clie@gmail.com,worker
1059,Nickie,Nedrud,Nickie.Nedrud@yopmail.com,Nickie.Nedrud@gmail.com,police officer
1060,Valeda,Sinegold,Valeda.Sinegold@yopmail.com,Valeda.Sinegold@gmail.com,police officer
1061,Cassondra,Kaja,Cassondra.Kaja@yopmail.com,Cassondra.Kaja@gmail.com,police officer
1062,Benita,Kevon,Benita.Kevon@yopmail.com,Benita.Kevon@gmail.com,police officer
1063,Miquela,Fiester,Miquela.Fiester@yopmail.com,Miquela.Fiester@gmail.com,developer
1064,Glynnis,Emmaline,Glynnis.Emmaline@yopmail.com,Glynnis.Emmaline@gmail.com,worker
1065,Sara-Ann,McClimans,Sara-Ann.McClimans@yopmail.com,Sara-Ann.McClimans@gmail.com,developer
1066,Thalia,Ilka,Thalia.Ilka@yopmail.com,Thalia.Ilka@gmail.com,worker
1067,Antonietta,Girardo,Antonietta.Girardo@yopmail.com,Antonietta.Girardo@gmail.com,police officer
1068,Latisha,Ricarda,Latisha.Ricarda@yopmail.com,Latisha.Ricarda@gmail.com,firefighter
1069,Rivalee,Ciapas,Rivalee.Ciapas@yopmail.com,Rivalee.Ciapas@gmail.com,worker
1070,Quintina,Mich,Quintina.Mich@yopmail.com,Quintina.Mich@gmail.com,developer
1071,Rozele,Pitt,Rozele.Pitt@yopmail.com,Rozele.Pitt@gmail.com,doctor
1072,Audrie,Quinn,Audrie.Quinn@yopmail.com,Audrie.Quinn@gmail.com,doctor
1073,Consuela,Rustice,Consuela.Rustice@yopmail.com,Consuela.Rustice@gmail.com,doctor
1074,Nollie,Garek,Nollie.Garek@yopmail.com,Nollie.Garek@gmail.com,worker
1075,Darci,Stacy,Darci.Stacy@yopmail.com,Darci.Stacy@gmail.com,developer
1076,Paola,Paine,Paola.Paine@yopmail.com,Paola.Paine@gmail.com,police officer
1077,Violet,Sekofski,Violet.Sekofski@yopmail.com,Violet.Sekofski@gmail.com,doctor
1078,Lanna,Chauncey,Lanna.Chauncey@yopmail.com,Lanna.Chauncey@gmail.com,doctor
1079,Gerrie,Mitzi,Gerrie.Mitzi@yopmail.com,Gerrie.Mitzi@gmail.com,firefighter
1080,Celisse,Wareing,Celisse.Wareing@yopmail.com,Celisse.Wareing@gmail.com,developer
1081,Catrina,Edvard,Catrina.Edvard@yopmail.com,Catrina.Edvard@gmail.com,police officer
1082,Edith,Old,Edith.Old@yopmail.com,Edith.Old@gmail.com,worker
1083,Rani,Clywd,Rani.Clywd@yopmail.com,Rani.Clywd@gmail.com,firefighter
1084,Rosaline,Armanda,Rosaline.Armanda@yopmail.com,Rosaline.Armanda@gmail.com,police officer
1085,Damaris,Mullane,Damaris.Mullane@yopmail.com,Damaris.Mullane@gmail.com,worker
1086,Juliane,Juan,Juliane.Juan@yopmail.com,Juliane.Juan@gmail.com,worker
1087,Gerrie,Rocray,Gerrie.Rocray@yopmail.com,Gerrie.Rocray@gmail.com,police officer
1088,Ana,Secrest,Ana.Secrest@yopmail.com,Ana.Secrest@gmail.com,police officer
1089,Fanny,Miru,Fanny.Miru@yopmail.com,Fanny.Miru@gmail.com,worker
1090,Dulce,Fillbert,Dulce.Fillbert@yopmail.com,Dulce.Fillbert@gmail.com,firefighter
1091,Adriana,Saree,Adriana.Saree@yopmail.com,Adriana.Saree@gmail.com,doctor
1092,Devina,Lorain,Devina.Lorain@yopmail.com,Devina.Lorain@gmail.com,firefighter
1093,Madelle,Hepsibah,Madelle.Hepsibah@yopmail.com,Madelle.Hepsibah@gmail.com,worker
1094,Leontine,Leopold,Leontine.Leopold@yopmail.com,Leontine.Leopold@gmail.com,police officer
1095,Anica,Cecile,Anica.Cecile@yopmail.com,Anica.Cecile@gmail.com,doctor
1096,Alyssa,Ashok,Alyssa.Ashok@yopmail.com,Alyssa.Ashok@gmail.com,worker
1097,Andree,Malanie,Andree.Malanie@yopmail.com,Andree.Malanie@gmail.com,doctor
1098,Cathie,Miru,Cathie.Miru@yopmail.com,Cathie.Miru@gmail.com,doctor
1099,Melodie,Durante,Melodie.Durante@yopmail.com,Melodie.Durante@gmail.com,worker